order_id,order_date,region,category,product,customer_id,quantity,unit_price
ORD-000123,2025-07-01,North,Electronics,Smartwatch,CUST-142,1,129.99
ORD-000240,2025-07-01,West,Electronics,Smartwatch,CUST-110,1,129.99
ORD-000715,2025-07-01,South,Home,Blender,CUST-72,3,34.99
ORD-000744,2025-07-01,West,Sports,Running Shoes,CUST-107,4,79.99
ORD-000491,2025-07-03,East,Electronics,Smartwatch,CUST-52,5,129.99
ORD-000937,2025-07-03,North,Electronics,Smartwatch,CUST-285,1,129.99
ORD-000191,2025-07-04,East,Sports,Yoga Mat,CUST-17,2,24.99
ORD-000646,2025-07-04,West,Apparel,T-Shirt,CUST-93,3,19.99
ORD-000545,2025-07-05,South,Home,Coffee Maker,CUST-244,2,44.99
ORD-001053,2025-07-05,South,Apparel,T-Shirt,CUST-188,5,19.99
ORD-001116,2025-07-05,North,Apparel,Jacket,CUST-150,3,89.99
ORD-000008,2025-07-06,South,Sports,Running Shoes,CUST-43,2,79.99
ORD-000642,2025-07-06,South,Beauty,Shampoo,CUST-21,3,14.99
ORD-000865,2025-07-06,South,Electronics,Smartwatch,CUST-123,1,129.99
ORD-000868,2025-07-06,West,Electronics,Smartwatch,CUST-148,5,129.99
ORD-001021,2025-07-06,West,Home,Coffee Maker,CUST-182,4,44.99
ORD-001170,2025-07-06,West,Home,Blender,CUST-148,4,34.99
ORD-000684,2025-07-07,North,Apparel,T-Shirt,CUST-23,2,19.99
ORD-001047,2025-07-07,South,Home,Blender,CUST-56,4,34.99
ORD-001190,2025-07-07,North,Sports,Running Shoes,CUST-121,2,79.99
ORD-000095,2025-07-08,West,Sports,Dumbbell Set,CUST-116,5,59.99
ORD-000392,2025-07-08,West,Apparel,Jacket,CUST-142,2,89.99
ORD-000489,2025-07-08,East,Home,Blender,CUST-269,5,34.99
ORD-000524,2025-07-08,North,Sports,Yoga Mat,CUST-113,5,24.99
ORD-000930,2025-07-08,East,Home,Blender,CUST-231,5,34.99
ORD-001183,2025-07-08,West,Electronics,Smartwatch,CUST-235,3,129.99
ORD-000023,2025-07-09,South,Sports,Running Shoes,CUST-78,5,79.99
ORD-000232,2025-07-09,South,Apparel,Jacket,CUST-187,5,89.99
ORD-000466,2025-07-09,North,Sports,Running Shoes,CUST-271,3,79.99
ORD-000812,2025-07-09,West,Electronics,Wireless Earbuds,CUST-261,1,59.99
ORD-000923,2025-07-09,South,Home,Desk Lamp,CUST-288,3,24.99
ORD-000495,2025-07-10,West,Apparel,T-Shirt,CUST-191,4,19.99
ORD-000202,2025-07-11,East,Home,Coffee Maker,CUST-149,1,44.99
ORD-000222,2025-07-11,North,Sports,Yoga Mat,CUST-186,5,24.99
ORD-000621,2025-07-11,West,Apparel,Jeans,CUST-149,5,49.99
ORD-000894,2025-07-11,North,Home,Coffee Maker,CUST-255,1,44.99
ORD-001137,2025-07-11,South,Home,Blender,CUST-165,3,34.99
ORD-000241,2025-07-12,West,Apparel,Jeans,CUST-84,3,49.99
ORD-000994,2025-07-12,West,Apparel,Jeans,CUST-19,1,49.99
ORD-000570,2025-07-13,East,Apparel,Jacket,CUST-27,3,89.99
ORD-001064,2025-07-13,South,Home,Coffee Maker,CUST-14,5,44.99
ORD-000162,2025-07-14,East,Beauty,Shampoo,CUST-133,1,14.99
ORD-000333,2025-07-14,East,Apparel,Jacket,CUST-37,4,89.99
ORD-000817,2025-07-14,South,Electronics,Bluetooth Speaker,CUST-132,5,39.99
ORD-000828,2025-07-14,East,Apparel,Jacket,CUST-27,1,89.99
ORD-000851,2025-07-14,South,Electronics,Wireless Earbuds,CUST-247,1,59.99
ORD-000448,2025-07-15,West,Electronics,Wireless Earbuds,CUST-126,5,59.99
ORD-000676,2025-07-15,North,Apparel,Jacket,CUST-254,5,89.99
ORD-000699,2025-07-15,West,Sports,Dumbbell Set,CUST-203,2,59.99
ORD-000030,2025-07-16,East,Electronics,Smartwatch,CUST-244,2,129.99
ORD-000135,2025-07-16,North,Sports,Running Shoes,CUST-264,1,79.99
ORD-000654,2025-07-16,North,Home,Coffee Maker,CUST-52,2,44.99
ORD-000934,2025-07-16,West,Electronics,Wireless Earbuds,CUST-132,5,59.99
ORD-000195,2025-07-18,West,Home,Coffee Maker,CUST-285,2,44.99
ORD-000437,2025-07-19,North,Electronics,Smartwatch,CUST-22,2,129.99
ORD-000452,2025-07-19,West,Sports,Running Shoes,CUST-52,3,79.99
ORD-000712,2025-07-19,North,Home,Desk Lamp,CUST-63,4,24.99
ORD-000737,2025-07-19,North,Sports,Running Shoes,CUST-73,5,79.99
ORD-001192,2025-07-19,East,Electronics,Wireless Earbuds,CUST-94,1,59.99
ORD-000401,2025-07-20,North,Apparel,Jeans,CUST-228,5,49.99
ORD-000746,2025-07-20,East,Sports,Dumbbell Set,CUST-197,5,59.99
ORD-001028,2025-07-20,North,Sports,Yoga Mat,CUST-109,2,24.99
ORD-000255,2025-07-21,South,Electronics,Smartwatch,CUST-24,2,129.99
ORD-000231,2025-07-22,West,Beauty,Shampoo,CUST-47,2,14.99
ORD-000376,2025-07-22,North,Beauty,Face Cream,CUST-298,3,29.99
ORD-000918,2025-07-22,West,Beauty,Shampoo,CUST-225,2,14.99
ORD-000958,2025-07-22,East,Beauty,Face Cream,CUST-36,4,29.99
ORD-001025,2025-07-22,South,Home,Coffee Maker,CUST-142,2,44.99
ORD-000869,2025-07-23,South,Electronics,Smartwatch,CUST-12,3,129.99
ORD-000026,2025-07-24,South,Beauty,Face Cream,CUST-102,5,29.99
ORD-000330,2025-07-24,South,Apparel,T-Shirt,CUST-273,2,19.99
ORD-000404,2025-07-24,North,Beauty,Shampoo,CUST-201,3,14.99
ORD-000449,2025-07-24,West,Home,Blender,CUST-257,4,34.99
ORD-000658,2025-07-24,West,Electronics,Wireless Earbuds,CUST-283,5,59.99
ORD-000662,2025-07-24,North,Sports,Dumbbell Set,CUST-225,3,59.99
ORD-000795,2025-07-24,South,Sports,Yoga Mat,CUST-16,5,24.99
ORD-001004,2025-07-24,South,Beauty,Face Cream,CUST-86,1,29.99
ORD-000038,2025-07-25,East,Beauty,Shampoo,CUST-211,3,14.99
ORD-000852,2025-07-25,East,Home,Coffee Maker,CUST-36,1,44.99
ORD-001114,2025-07-25,South,Home,Coffee Maker,CUST-244,2,44.99
ORD-000483,2025-07-27,East,Apparel,T-Shirt,CUST-109,2,19.99
ORD-000687,2025-07-27,South,Home,Coffee Maker,CUST-44,3,44.99
ORD-000777,2025-07-27,West,Apparel,T-Shirt,CUST-202,1,19.99
ORD-000423,2025-07-28,South,Electronics,Bluetooth Speaker,CUST-123,2,39.99
ORD-000639,2025-07-28,East,Sports,Yoga Mat,CUST-106,1,24.99
ORD-000825,2025-07-28,North,Sports,Running Shoes,CUST-270,4,79.99
ORD-000770,2025-07-29,South,Sports,Dumbbell Set,CUST-186,2,59.99
ORD-000461,2025-07-30,West,Sports,Dumbbell Set,CUST-181,1,59.99
ORD-000691,2025-07-30,West,Electronics,Smartwatch,CUST-290,5,129.99
ORD-000779,2025-07-30,South,Apparel,Jacket,CUST-142,4,89.99
ORD-000786,2025-07-30,South,Apparel,Jacket,CUST-3,3,89.99
ORD-001071,2025-07-30,East,Sports,Running Shoes,CUST-78,2,79.99
ORD-001105,2025-07-30,West,Apparel,Jeans,CUST-192,3,49.99
ORD-000002,2025-07-31,East,Sports,Yoga Mat,CUST-195,1,24.99
ORD-000136,2025-07-31,West,Home,Desk Lamp,CUST-143,5,24.99
ORD-000324,2025-07-31,West,Sports,Yoga Mat,CUST-260,5,24.99
ORD-000019,2025-08-01,South,Home,Blender,CUST-176,5,34.99
ORD-000187,2025-08-01,North,Beauty,Face Cream,CUST-218,3,29.99
ORD-000238,2025-08-01,South,Electronics,Smartwatch,CUST-162,2,129.99
ORD-000480,2025-08-01,South,Beauty,Face Cream,CUST-126,1,29.99
ORD-000608,2025-08-01,South,Home,Blender,CUST-18,5,34.99
ORD-001100,2025-08-01,North,Sports,Dumbbell Set,CUST-210,4,59.99
ORD-001110,2025-08-01,South,Electronics,Wireless Earbuds,CUST-267,5,59.99
ORD-001142,2025-08-01,North,Home,Coffee Maker,CUST-38,4,44.99
ORD-000223,2025-08-02,South,Electronics,Smartwatch,CUST-146,4,129.99
ORD-000242,2025-08-03,North,Home,Coffee Maker,CUST-173,3,44.99
ORD-000430,2025-08-03,West,Apparel,Jacket,CUST-293,4,89.99
ORD-000502,2025-08-03,South,Apparel,T-Shirt,CUST-180,2,19.99
ORD-000526,2025-08-03,North,Electronics,Wireless Earbuds,CUST-42,4,59.99
ORD-000173,2025-08-04,West,Electronics,Bluetooth Speaker,CUST-250,2,39.99
ORD-000589,2025-08-04,South,Beauty,Face Cream,CUST-264,3,29.99
ORD-001002,2025-08-04,East,Electronics,Bluetooth Speaker,CUST-57,1,39.99
ORD-000074,2025-08-05,North,Apparel,T-Shirt,CUST-174,2,19.99
ORD-000092,2025-08-05,West,Beauty,Shampoo,CUST-112,3,14.99
ORD-000547,2025-08-05,South,Sports,Running Shoes,CUST-201,5,79.99
ORD-000735,2025-08-05,South,Home,Desk Lamp,CUST-170,4,24.99
ORD-000748,2025-08-05,North,Electronics,Bluetooth Speaker,CUST-149,2,39.99
ORD-000068,2025-08-06,North,Sports,Running Shoes,CUST-24,3,79.99
ORD-000235,2025-08-08,East,Electronics,Smartwatch,CUST-143,1,129.99
ORD-000629,2025-08-08,East,Beauty,Face Cream,CUST-126,1,29.99
ORD-001012,2025-08-08,South,Apparel,T-Shirt,CUST-83,4,19.99
ORD-000128,2025-08-09,East,Apparel,T-Shirt,CUST-129,1,19.99
ORD-000178,2025-08-09,East,Home,Blender,CUST-239,3,34.99
ORD-000702,2025-08-09,North,Electronics,Wireless Earbuds,CUST-87,1,59.99
ORD-000802,2025-08-09,West,Home,Blender,CUST-147,5,34.99
ORD-000717,2025-08-10,West,Sports,Running Shoes,CUST-42,2,79.99
ORD-000364,2025-08-11,West,Home,Coffee Maker,CUST-277,4,44.99
ORD-001026,2025-08-11,South,Home,Desk Lamp,CUST-119,3,24.99
ORD-000043,2025-08-12,South,Electronics,Smartwatch,CUST-273,4,129.99
ORD-000129,2025-08-12,West,Beauty,Shampoo,CUST-84,1,14.99
ORD-000157,2025-08-12,South,Electronics,Smartwatch,CUST-169,3,129.99
ORD-000280,2025-08-12,East,Sports,Yoga Mat,CUST-275,2,24.99
ORD-000559,2025-08-12,South,Electronics,Smartwatch,CUST-22,1,129.99
ORD-000641,2025-08-12,East,Apparel,T-Shirt,CUST-36,1,19.99
ORD-000565,2025-08-13,South,Electronics,Bluetooth Speaker,CUST-274,3,39.99
ORD-000693,2025-08-13,East,Apparel,Jeans,CUST-100,2,49.99
ORD-000696,2025-08-13,North,Apparel,Jacket,CUST-90,2,89.99
ORD-000899,2025-08-13,North,Apparel,Jeans,CUST-175,4,49.99
ORD-000956,2025-08-13,West,Beauty,Shampoo,CUST-132,5,14.99
ORD-000983,2025-08-13,South,Apparel,Jacket,CUST-146,2,89.99
ORD-000314,2025-08-14,West,Beauty,Face Cream,CUST-182,2,29.99
ORD-000355,2025-08-15,North,Apparel,Jacket,CUST-45,3,89.99
ORD-000781,2025-08-15,East,Apparel,T-Shirt,CUST-279,1,19.99
ORD-001077,2025-08-15,South,Beauty,Face Cream,CUST-261,2,29.99
ORD-001139,2025-08-15,North,Home,Desk Lamp,CUST-260,4,24.99
ORD-000263,2025-08-16,West,Apparel,T-Shirt,CUST-155,5,19.99
ORD-000834,2025-08-16,South,Home,Coffee Maker,CUST-283,1,44.99
ORD-001008,2025-08-16,East,Beauty,Face Cream,CUST-84,2,29.99
ORD-000046,2025-08-17,South,Sports,Dumbbell Set,CUST-217,2,59.99
ORD-000272,2025-08-17,East,Home,Blender,CUST-185,4,34.99
ORD-000413,2025-08-17,North,Apparel,Jeans,CUST-37,4,49.99
ORD-000637,2025-08-17,East,Home,Coffee Maker,CUST-107,5,44.99
ORD-000836,2025-08-17,South,Sports,Running Shoes,CUST-68,5,79.99
ORD-001052,2025-08-17,North,Home,Blender,CUST-192,5,34.99
ORD-000112,2025-08-18,North,Sports,Yoga Mat,CUST-267,1,24.99
ORD-000360,2025-08-18,North,Sports,Yoga Mat,CUST-102,3,24.99
ORD-000365,2025-08-18,East,Apparel,Jacket,CUST-30,2,89.99
ORD-000256,2025-08-19,South,Beauty,Face Cream,CUST-123,3,29.99
ORD-000395,2025-08-19,East,Electronics,Wireless Earbuds,CUST-28,3,59.99
ORD-000469,2025-08-20,East,Apparel,Jacket,CUST-105,1,89.99
ORD-000685,2025-08-20,North,Home,Desk Lamp,CUST-290,1,24.99
ORD-000101,2025-08-21,East,Sports,Yoga Mat,CUST-145,3,24.99
ORD-000798,2025-08-21,North,Electronics,Bluetooth Speaker,CUST-202,1,39.99
ORD-000985,2025-08-21,South,Home,Blender,CUST-228,5,34.99
ORD-000331,2025-08-22,East,Sports,Yoga Mat,CUST-231,5,24.99
ORD-000652,2025-08-22,West,Electronics,Smartwatch,CUST-176,5,129.99
ORD-000765,2025-08-22,East,Sports,Running Shoes,CUST-272,5,79.99
ORD-000598,2025-08-23,South,Apparel,Jacket,CUST-59,4,89.99
ORD-000831,2025-08-23,West,Electronics,Bluetooth Speaker,CUST-13,3,39.99
ORD-001188,2025-08-23,East,Home,Blender,CUST-272,2,34.99
ORD-000210,2025-08-24,East,Apparel,T-Shirt,CUST-92,4,19.99
ORD-000349,2025-08-24,North,Apparel,Jeans,CUST-143,2,49.99
ORD-000723,2025-08-24,East,Sports,Yoga Mat,CUST-90,3,24.99
ORD-001046,2025-08-24,West,Electronics,Smartwatch,CUST-248,4,129.99
ORD-001150,2025-08-24,East,Home,Coffee Maker,CUST-179,2,44.99
ORD-000009,2025-08-25,South,Home,Desk Lamp,CUST-265,2,24.99
ORD-000694,2025-08-25,North,Apparel,Jeans,CUST-125,2,49.99
ORD-001038,2025-08-25,South,Home,Desk Lamp,CUST-274,3,24.99
ORD-001165,2025-08-25,East,Apparel,T-Shirt,CUST-259,2,19.99
ORD-000119,2025-08-26,North,Apparel,Jeans,CUST-238,5,49.99
ORD-000433,2025-08-26,West,Sports,Dumbbell Set,CUST-211,1,59.99
ORD-000804,2025-08-26,South,Apparel,Jacket,CUST-21,1,89.99
ORD-000496,2025-08-27,South,Home,Coffee Maker,CUST-221,4,44.99
ORD-000058,2025-08-28,East,Apparel,Jacket,CUST-32,4,89.99
ORD-000265,2025-08-28,North,Home,Coffee Maker,CUST-159,5,44.99
ORD-000266,2025-08-28,East,Beauty,Face Cream,CUST-184,4,29.99
ORD-000928,2025-08-28,North,Sports,Dumbbell Set,CUST-129,4,59.99
ORD-000146,2025-08-29,South,Apparel,T-Shirt,CUST-282,4,19.99
ORD-000660,2025-08-29,South,Electronics,Wireless Earbuds,CUST-116,5,59.99
ORD-000778,2025-08-29,North,Home,Coffee Maker,CUST-197,5,44.99
ORD-000133,2025-08-30,South,Beauty,Shampoo,CUST-118,2,14.99
ORD-000323,2025-08-30,North,Apparel,T-Shirt,CUST-270,1,19.99
ORD-000409,2025-08-30,South,Home,Desk Lamp,CUST-85,1,24.99
ORD-000645,2025-08-30,West,Home,Desk Lamp,CUST-16,1,24.99
ORD-000137,2025-08-31,East,Sports,Dumbbell Set,CUST-2,5,59.99
ORD-000597,2025-08-31,South,Sports,Running Shoes,CUST-211,2,79.99
ORD-000686,2025-08-31,West,Home,Desk Lamp,CUST-53,2,24.99
ORD-000070,2025-09-01,South,Sports,Dumbbell Set,CUST-215,1,59.99
ORD-000929,2025-09-01,North,Sports,Running Shoes,CUST-205,3,79.99
ORD-000120,2025-09-02,East,Apparel,Jacket,CUST-154,2,89.99
ORD-000168,2025-09-02,North,Home,Desk Lamp,CUST-194,2,24.99
ORD-000568,2025-09-02,West,Home,Desk Lamp,CUST-72,5,24.99
ORD-000688,2025-09-02,West,Apparel,T-Shirt,CUST-75,3,19.99
ORD-000736,2025-09-02,North,Beauty,Face Cream,CUST-270,5,29.99
ORD-000048,2025-09-03,East,Electronics,Smartwatch,CUST-33,3,129.99
ORD-000181,2025-09-03,North,Electronics,Smartwatch,CUST-105,5,129.99
ORD-000386,2025-09-03,East,Beauty,Face Cream,CUST-133,4,29.99
ORD-001037,2025-09-03,South,Electronics,Bluetooth Speaker,CUST-255,5,39.99
ORD-001109,2025-09-03,West,Home,Coffee Maker,CUST-145,2,44.99
ORD-000322,2025-09-04,East,Apparel,Jacket,CUST-74,5,89.99
ORD-001153,2025-09-04,East,Sports,Dumbbell Set,CUST-223,5,59.99
ORD-000456,2025-09-05,West,Apparel,T-Shirt,CUST-137,3,19.99
ORD-000790,2025-09-05,East,Apparel,Jacket,CUST-273,1,89.99
ORD-000990,2025-09-05,East,Electronics,Wireless Earbuds,CUST-162,1,59.99
ORD-001065,2025-09-05,North,Apparel,Jacket,CUST-121,3,89.99
ORD-001161,2025-09-05,West,Home,Desk Lamp,CUST-145,5,24.99
ORD-000396,2025-09-06,West,Electronics,Bluetooth Speaker,CUST-19,4,39.99
ORD-000450,2025-09-07,North,Beauty,Shampoo,CUST-235,5,14.99
ORD-000052,2025-09-08,East,Home,Coffee Maker,CUST-126,2,44.99
ORD-000434,2025-09-08,North,Apparel,T-Shirt,CUST-29,1,19.99
ORD-000012,2025-09-09,South,Home,Desk Lamp,CUST-74,1,24.99
ORD-000109,2025-09-09,West,Electronics,Bluetooth Speaker,CUST-130,4,39.99
ORD-000727,2025-09-09,East,Apparel,Jeans,CUST-21,3,49.99
ORD-000134,2025-09-10,South,Home,Blender,CUST-236,4,34.99
ORD-000336,2025-09-10,North,Home,Desk Lamp,CUST-30,3,24.99
ORD-000768,2025-09-10,East,Home,Blender,CUST-170,5,34.99
ORD-000156,2025-09-11,North,Beauty,Shampoo,CUST-110,1,14.99
ORD-000398,2025-09-11,South,Home,Desk Lamp,CUST-171,5,24.99
ORD-000454,2025-09-11,North,Home,Blender,CUST-143,5,34.99
ORD-000732,2025-09-11,North,Electronics,Wireless Earbuds,CUST-160,2,59.99
ORD-000917,2025-09-11,West,Beauty,Face Cream,CUST-291,1,29.99
ORD-000574,2025-09-12,West,Home,Coffee Maker,CUST-231,1,44.99
ORD-000974,2025-09-12,West,Apparel,Jacket,CUST-51,1,89.99
ORD-001174,2025-09-12,West,Apparel,Jacket,CUST-282,2,89.99
ORD-000228,2025-09-13,North,Home,Desk Lamp,CUST-159,4,24.99
ORD-000329,2025-09-13,North,Electronics,Bluetooth Speaker,CUST-95,2,39.99
ORD-000411,2025-09-13,South,Beauty,Face Cream,CUST-11,1,29.99
ORD-000805,2025-09-13,North,Home,Coffee Maker,CUST-120,2,44.99
ORD-001146,2025-09-13,East,Home,Blender,CUST-56,3,34.99
ORD-000039,2025-09-14,North,Beauty,Shampoo,CUST-215,5,14.99
ORD-000093,2025-09-14,North,Beauty,Face Cream,CUST-162,4,29.99
ORD-000605,2025-09-14,West,Beauty,Shampoo,CUST-241,5,14.99
ORD-000862,2025-09-14,East,Electronics,Bluetooth Speaker,CUST-123,1,39.99
ORD-001067,2025-09-14,North,Apparel,T-Shirt,CUST-206,2,19.99
ORD-000478,2025-09-15,East,Home,Coffee Maker,CUST-95,5,44.99
ORD-000601,2025-09-15,West,Apparel,T-Shirt,CUST-236,3,19.99
ORD-000743,2025-09-15,South,Apparel,Jacket,CUST-11,2,89.99
ORD-000954,2025-09-15,North,Beauty,Face Cream,CUST-210,2,29.99
ORD-000980,2025-09-15,South,Beauty,Face Cream,CUST-230,2,29.99
ORD-001200,2025-09-16,North,Home,Blender,CUST-107,4,34.99
ORD-000237,2025-09-17,East,Electronics,Bluetooth Speaker,CUST-213,5,39.99
ORD-000706,2025-09-17,East,Home,Blender,CUST-24,1,34.99
ORD-000916,2025-09-17,East,Electronics,Bluetooth Speaker,CUST-36,3,39.99
ORD-001078,2025-09-17,West,Home,Blender,CUST-3,5,34.99
ORD-001160,2025-09-17,South,Home,Desk Lamp,CUST-87,5,24.99
ORD-000215,2025-09-18,North,Electronics,Smartwatch,CUST-255,1,129.99
ORD-000407,2025-09-18,East,Home,Desk Lamp,CUST-107,5,24.99
ORD-000705,2025-09-18,East,Home,Desk Lamp,CUST-40,5,24.99
ORD-000938,2025-09-18,South,Sports,Yoga Mat,CUST-234,5,24.99
ORD-000953,2025-09-18,North,Beauty,Face Cream,CUST-202,4,29.99
ORD-000368,2025-09-19,North,Sports,Yoga Mat,CUST-249,5,24.99
ORD-000517,2025-09-19,West,Apparel,Jeans,CUST-113,5,49.99
ORD-001092,2025-09-19,East,Apparel,T-Shirt,CUST-30,5,19.99
ORD-000829,2025-09-20,North,Apparel,Jacket,CUST-205,2,89.99
ORD-000281,2025-09-21,South,Sports,Dumbbell Set,CUST-117,5,59.99
ORD-000326,2025-09-21,North,Sports,Yoga Mat,CUST-44,2,24.99
ORD-000789,2025-09-21,East,Beauty,Face Cream,CUST-187,4,29.99
ORD-000792,2025-09-21,East,Electronics,Wireless Earbuds,CUST-235,2,59.99
ORD-001050,2025-09-21,East,Electronics,Wireless Earbuds,CUST-253,4,59.99
ORD-000198,2025-09-22,North,Electronics,Wireless Earbuds,CUST-225,3,59.99
ORD-000224,2025-09-22,North,Home,Blender,CUST-103,3,34.99
ORD-001176,2025-09-22,South,Sports,Running Shoes,CUST-136,2,79.99
ORD-000294,2025-09-23,East,Home,Coffee Maker,CUST-23,4,44.99
ORD-000552,2025-09-23,South,Home,Coffee Maker,CUST-150,2,44.99
ORD-000692,2025-09-23,North,Home,Coffee Maker,CUST-295,4,44.99
ORD-001059,2025-09-23,South,Apparel,T-Shirt,CUST-15,2,19.99
ORD-000177,2025-09-24,North,Beauty,Face Cream,CUST-2,5,29.99
ORD-000535,2025-09-24,East,Beauty,Shampoo,CUST-244,4,14.99
ORD-000610,2025-09-24,East,Electronics,Bluetooth Speaker,CUST-265,5,39.99
ORD-000659,2025-09-24,South,Electronics,Wireless Earbuds,CUST-187,4,59.99
ORD-000821,2025-09-24,West,Home,Desk Lamp,CUST-95,2,24.99
ORD-000891,2025-09-24,North,Sports,Yoga Mat,CUST-203,3,24.99
ORD-000999,2025-09-24,North,Electronics,Bluetooth Speaker,CUST-216,4,39.99
ORD-000004,2025-09-25,South,Beauty,Face Cream,CUST-74,2,29.99
ORD-000145,2025-09-25,West,Home,Blender,CUST-276,1,34.99
ORD-000335,2025-09-25,West,Apparel,Jeans,CUST-126,4,49.99
ORD-000347,2025-09-25,North,Apparel,T-Shirt,CUST-44,4,19.99
ORD-000572,2025-09-25,East,Beauty,Shampoo,CUST-249,3,14.99
ORD-001131,2025-09-25,East,Electronics,Bluetooth Speaker,CUST-114,3,39.99
ORD-000073,2025-09-26,West,Apparel,Jacket,CUST-137,1,89.99
ORD-000534,2025-09-26,West,Sports,Dumbbell Set,CUST-29,3,59.99
ORD-000590,2025-09-26,North,Sports,Yoga Mat,CUST-67,5,24.99
ORD-000826,2025-09-26,West,Electronics,Bluetooth Speaker,CUST-162,3,39.99
ORD-000144,2025-09-27,East,Electronics,Bluetooth Speaker,CUST-69,4,39.99
ORD-000444,2025-09-28,East,Electronics,Bluetooth Speaker,CUST-64,5,39.99
ORD-000537,2025-09-28,East,Apparel,Jeans,CUST-147,3,49.99
ORD-000209,2025-09-29,South,Beauty,Face Cream,CUST-14,3,29.99
ORD-000772,2025-09-29,East,Sports,Dumbbell Set,CUST-266,4,59.99
ORD-001095,2025-09-29,West,Beauty,Face Cream,CUST-35,1,29.99
ORD-001054,2025-09-30,East,Electronics,Smartwatch,CUST-295,4,129.99
ORD-000192,2025-10-01,West,Home,Blender,CUST-183,3,34.99
ORD-000750,2025-10-01,East,Apparel,Jeans,CUST-168,4,49.99
ORD-000807,2025-10-01,East,Home,Desk Lamp,CUST-299,3,24.99
ORD-000308,2025-10-02,North,Apparel,T-Shirt,CUST-67,3,19.99
ORD-000457,2025-10-02,West,Apparel,T-Shirt,CUST-107,1,19.99
ORD-000592,2025-10-02,West,Sports,Dumbbell Set,CUST-199,5,59.99
ORD-000566,2025-10-03,North,Beauty,Shampoo,CUST-62,1,14.99
ORD-000701,2025-10-03,South,Beauty,Shampoo,CUST-298,2,14.99
ORD-000850,2025-10-03,North,Sports,Dumbbell Set,CUST-296,1,59.99
ORD-000169,2025-10-04,North,Sports,Yoga Mat,CUST-109,3,24.99
ORD-000027,2025-10-05,North,Beauty,Shampoo,CUST-268,3,14.99
ORD-000741,2025-10-05,East,Apparel,Jeans,CUST-232,2,49.99
ORD-000017,2025-10-06,South,Apparel,T-Shirt,CUST-220,4,19.99
ORD-000164,2025-10-06,East,Home,Desk Lamp,CUST-285,1,24.99
ORD-000551,2025-10-06,West,Home,Blender,CUST-49,3,34.99
ORD-000102,2025-10-07,South,Apparel,T-Shirt,CUST-246,3,19.99
ORD-000171,2025-10-07,North,Electronics,Bluetooth Speaker,CUST-101,4,39.99
ORD-000742,2025-10-07,South,Apparel,Jacket,CUST-7,5,89.99
ORD-001024,2025-10-07,North,Home,Desk Lamp,CUST-152,1,24.99
ORD-000049,2025-10-08,East,Apparel,Jeans,CUST-49,4,49.99
ORD-000290,2025-10-08,East,Beauty,Shampoo,CUST-297,2,14.99
ORD-001079,2025-10-08,North,Beauty,Shampoo,CUST-78,1,14.99
ORD-000025,2025-10-09,South,Home,Desk Lamp,CUST-64,4,24.99
ORD-000823,2025-10-09,South,Apparel,Jeans,CUST-187,3,49.99
ORD-000976,2025-10-09,South,Sports,Yoga Mat,CUST-159,4,24.99
ORD-000044,2025-10-10,North,Home,Desk Lamp,CUST-145,2,24.99
ORD-000282,2025-10-10,South,Apparel,T-Shirt,CUST-243,4,19.99
ORD-000327,2025-10-10,West,Home,Coffee Maker,CUST-277,3,44.99
ORD-000763,2025-10-10,West,Beauty,Face Cream,CUST-14,2,29.99
ORD-000172,2025-10-11,North,Home,Desk Lamp,CUST-156,5,24.99
ORD-000086,2025-10-12,East,Sports,Dumbbell Set,CUST-68,3,59.99
ORD-000467,2025-10-12,East,Beauty,Face Cream,CUST-134,1,29.99
ORD-000634,2025-10-12,North,Sports,Running Shoes,CUST-154,5,79.99
ORD-000964,2025-10-12,East,Beauty,Face Cream,CUST-66,3,29.99
ORD-000617,2025-10-13,West,Electronics,Smartwatch,CUST-98,1,129.99
ORD-001121,2025-10-14,West,Electronics,Smartwatch,CUST-141,5,129.99
ORD-001056,2025-10-15,North,Electronics,Bluetooth Speaker,CUST-237,1,39.99
ORD-000196,2025-10-16,West,Beauty,Shampoo,CUST-213,3,14.99
ORD-000296,2025-10-16,East,Beauty,Shampoo,CUST-97,2,14.99
ORD-000425,2025-10-16,East,Apparel,T-Shirt,CUST-244,2,19.99
ORD-000600,2025-10-16,North,Apparel,Jacket,CUST-79,2,89.99
ORD-000648,2025-10-17,North,Apparel,Jacket,CUST-221,1,89.99
ORD-001006,2025-10-17,West,Home,Blender,CUST-174,5,34.99
ORD-000034,2025-10-18,North,Sports,Dumbbell Set,CUST-179,2,59.99
ORD-000041,2025-10-18,North,Sports,Running Shoes,CUST-262,5,79.99
ORD-000227,2025-10-18,East,Home,Desk Lamp,CUST-271,4,24.99
ORD-001187,2025-10-18,East,Beauty,Face Cream,CUST-218,3,29.99
ORD-000887,2025-10-19,North,Apparel,Jacket,CUST-236,4,89.99
ORD-000730,2025-10-20,South,Apparel,Jeans,CUST-42,4,49.99
ORD-000011,2025-10-21,West,Sports,Running Shoes,CUST-126,5,79.99
ORD-000248,2025-10-21,South,Home,Blender,CUST-281,2,34.99
ORD-000847,2025-10-21,South,Beauty,Face Cream,CUST-240,5,29.99
ORD-000995,2025-10-21,North,Beauty,Shampoo,CUST-228,4,14.99
ORD-000236,2025-10-22,North,Beauty,Shampoo,CUST-80,5,14.99
ORD-000362,2025-10-22,South,Home,Desk Lamp,CUST-216,1,24.99
ORD-000470,2025-10-22,West,Sports,Yoga Mat,CUST-250,5,24.99
ORD-000484,2025-10-22,South,Beauty,Face Cream,CUST-169,3,29.99
ORD-000494,2025-10-22,South,Beauty,Face Cream,CUST-176,2,29.99
ORD-000530,2025-10-22,North,Electronics,Bluetooth Speaker,CUST-121,5,39.99
ORD-001171,2025-10-23,North,Home,Coffee Maker,CUST-277,5,44.99
ORD-000160,2025-10-24,West,Home,Desk Lamp,CUST-267,3,24.99
ORD-000288,2025-10-24,West,Home,Desk Lamp,CUST-172,4,24.99
ORD-000383,2025-10-24,West,Home,Desk Lamp,CUST-76,2,24.99
ORD-000387,2025-10-24,South,Apparel,T-Shirt,CUST-54,5,19.99
ORD-000476,2025-10-24,South,Sports,Running Shoes,CUST-63,2,79.99
ORD-000866,2025-10-24,East,Home,Blender,CUST-13,2,34.99
ORD-000325,2025-10-25,West,Electronics,Wireless Earbuds,CUST-74,5,59.99
ORD-000531,2025-10-25,West,Home,Coffee Maker,CUST-191,3,44.99
ORD-000740,2025-10-25,South,Electronics,Wireless Earbuds,CUST-254,3,59.99
ORD-000806,2025-10-25,West,Sports,Running Shoes,CUST-12,2,79.99
ORD-000384,2025-10-26,South,Electronics,Smartwatch,CUST-274,1,129.99
ORD-000726,2025-10-26,South,Beauty,Face Cream,CUST-108,4,29.99
ORD-000745,2025-10-26,West,Home,Blender,CUST-214,1,34.99
ORD-000200,2025-10-27,North,Sports,Running Shoes,CUST-151,1,79.99
ORD-000348,2025-10-27,South,Home,Blender,CUST-109,5,34.99
ORD-000947,2025-10-27,East,Apparel,Jeans,CUST-124,5,49.99
ORD-001043,2025-10-27,East,Electronics,Wireless Earbuds,CUST-93,3,59.99
ORD-000303,2025-10-28,North,Apparel,Jacket,CUST-105,5,89.99
ORD-000419,2025-10-28,South,Beauty,Face Cream,CUST-146,3,29.99
ORD-000501,2025-10-28,West,Apparel,Jeans,CUST-263,1,49.99
ORD-000845,2025-10-28,North,Electronics,Smartwatch,CUST-83,4,129.99
ORD-000885,2025-10-28,North,Sports,Dumbbell Set,CUST-92,4,59.99
ORD-000656,2025-10-29,North,Home,Desk Lamp,CUST-298,1,24.99
ORD-000179,2025-10-30,South,Apparel,Jeans,CUST-110,5,49.99
ORD-000591,2025-10-30,West,Electronics,Bluetooth Speaker,CUST-32,5,39.99
ORD-000267,2025-10-31,North,Electronics,Smartwatch,CUST-51,5,129.99
ORD-000301,2025-10-31,North,Electronics,Smartwatch,CUST-164,3,129.99
ORD-000352,2025-10-31,South,Beauty,Shampoo,CUST-149,4,14.99
ORD-000427,2025-10-31,North,Beauty,Face Cream,CUST-204,2,29.99
ORD-000513,2025-10-31,North,Electronics,Bluetooth Speaker,CUST-39,3,39.99
ORD-001039,2025-10-31,West,Sports,Yoga Mat,CUST-8,3,24.99
ORD-000069,2025-11-02,West,Sports,Yoga Mat,CUST-74,3,24.99
ORD-000299,2025-11-02,West,Apparel,T-Shirt,CUST-271,3,19.99
ORD-000759,2025-11-02,South,Apparel,Jacket,CUST-90,2,89.99
ORD-001022,2025-11-03,West,Apparel,Jacket,CUST-191,4,89.99
ORD-000251,2025-11-04,South,Sports,Yoga Mat,CUST-103,5,24.99
ORD-000381,2025-11-04,North,Beauty,Shampoo,CUST-34,4,14.99
ORD-000818,2025-11-04,East,Apparel,Jeans,CUST-93,5,49.99
ORD-000416,2025-11-05,West,Electronics,Bluetooth Speaker,CUST-247,3,39.99
ORD-000475,2025-11-05,North,Home,Coffee Maker,CUST-253,4,44.99
ORD-000549,2025-11-06,North,Sports,Yoga Mat,CUST-22,4,24.99
ORD-000801,2025-11-06,South,Apparel,T-Shirt,CUST-93,1,19.99
ORD-001060,2025-11-06,West,Electronics,Wireless Earbuds,CUST-276,3,59.99
ORD-000250,2025-11-07,West,Sports,Dumbbell Set,CUST-105,3,59.99
ORD-000713,2025-11-07,South,Electronics,Wireless Earbuds,CUST-71,3,59.99
ORD-000148,2025-11-08,East,Sports,Yoga Mat,CUST-200,5,24.99
ORD-000361,2025-11-08,North,Home,Desk Lamp,CUST-14,4,24.99
ORD-000982,2025-11-08,North,Electronics,Smartwatch,CUST-11,5,129.99
ORD-001148,2025-11-08,South,Sports,Yoga Mat,CUST-48,4,24.99
ORD-000698,2025-11-09,South,Home,Blender,CUST-75,4,34.99
ORD-001055,2025-11-09,North,Apparel,Jeans,CUST-203,2,49.99
ORD-000077,2025-11-10,North,Electronics,Smartwatch,CUST-287,5,129.99
ORD-000022,2025-11-11,North,Electronics,Wireless Earbuds,CUST-271,3,59.99
ORD-000065,2025-11-11,North,Sports,Running Shoes,CUST-62,1,79.99
ORD-000142,2025-11-11,West,Electronics,Bluetooth Speaker,CUST-10,1,39.99
ORD-000510,2025-11-11,West,Home,Blender,CUST-227,3,34.99
ORD-000762,2025-11-11,West,Electronics,Bluetooth Speaker,CUST-153,2,39.99
ORD-000883,2025-11-11,North,Home,Desk Lamp,CUST-7,4,24.99
ORD-001073,2025-11-11,North,Sports,Dumbbell Set,CUST-213,3,59.99
ORD-001083,2025-11-11,North,Apparel,Jeans,CUST-97,5,49.99
ORD-001102,2025-11-11,South,Apparel,T-Shirt,CUST-131,2,19.99
ORD-000274,2025-11-12,North,Sports,Dumbbell Set,CUST-152,3,59.99
ORD-000167,2025-11-13,South,Beauty,Shampoo,CUST-3,4,14.99
ORD-000377,2025-11-13,West,Home,Blender,CUST-176,3,34.99
ORD-000554,2025-11-13,South,Apparel,Jeans,CUST-10,2,49.99
ORD-000669,2025-11-13,East,Beauty,Shampoo,CUST-69,2,14.99
ORD-000152,2025-11-14,South,Home,Coffee Maker,CUST-103,2,44.99
ORD-000185,2025-11-15,South,Electronics,Wireless Earbuds,CUST-19,2,59.99
ORD-000471,2025-11-15,North,Home,Blender,CUST-127,3,34.99
ORD-001094,2025-11-15,East,Beauty,Shampoo,CUST-283,2,14.99
ORD-001167,2025-11-15,North,Beauty,Shampoo,CUST-25,1,14.99
ORD-000815,2025-11-16,East,Beauty,Shampoo,CUST-86,2,14.99
ORD-000966,2025-11-16,West,Apparel,Jeans,CUST-129,1,49.99
ORD-001023,2025-11-16,West,Sports,Dumbbell Set,CUST-78,4,59.99
ORD-001195,2025-11-17,North,Electronics,Smartwatch,CUST-145,2,129.99
ORD-000050,2025-11-18,North,Sports,Running Shoes,CUST-292,3,79.99
ORD-000358,2025-11-18,West,Electronics,Wireless Earbuds,CUST-11,5,59.99
ORD-000499,2025-11-18,North,Sports,Dumbbell Set,CUST-6,3,59.99
ORD-000800,2025-11-18,East,Sports,Running Shoes,CUST-116,4,79.99
ORD-001162,2025-11-18,North,Sports,Dumbbell Set,CUST-49,4,59.99
ORD-000029,2025-11-19,North,Beauty,Face Cream,CUST-239,1,29.99
ORD-000924,2025-11-19,West,Home,Desk Lamp,CUST-125,3,24.99
ORD-000984,2025-11-19,South,Sports,Running Shoes,CUST-297,2,79.99
ORD-001096,2025-11-19,East,Sports,Dumbbell Set,CUST-184,1,59.99
ORD-000808,2025-11-20,North,Electronics,Bluetooth Speaker,CUST-142,1,39.99
ORD-000936,2025-11-20,East,Beauty,Shampoo,CUST-197,5,14.99
ORD-000369,2025-11-21,South,Electronics,Smartwatch,CUST-218,3,129.99
ORD-001034,2025-11-21,West,Beauty,Shampoo,CUST-204,2,14.99
ORD-001087,2025-11-21,South,Apparel,Jeans,CUST-43,4,49.99
ORD-000571,2025-11-22,East,Beauty,Shampoo,CUST-187,3,14.99
ORD-000835,2025-11-22,West,Sports,Yoga Mat,CUST-75,2,24.99
ORD-000907,2025-11-22,North,Apparel,Jeans,CUST-256,3,49.99
ORD-001090,2025-11-22,South,Apparel,T-Shirt,CUST-50,3,19.99
ORD-000121,2025-11-23,West,Sports,Dumbbell Set,CUST-176,5,59.99
ORD-000225,2025-11-23,North,Home,Blender,CUST-16,5,34.99
ORD-000523,2025-11-23,North,Home,Blender,CUST-269,3,34.99
ORD-000672,2025-11-23,East,Home,Desk Lamp,CUST-275,4,24.99
ORD-000945,2025-11-23,West,Electronics,Wireless Earbuds,CUST-25,5,59.99
ORD-001145,2025-11-23,West,Apparel,T-Shirt,CUST-189,5,19.99
ORD-000463,2025-11-24,East,Sports,Yoga Mat,CUST-228,2,24.99
ORD-000593,2025-11-24,South,Electronics,Wireless Earbuds,CUST-124,4,59.99
ORD-000063,2025-11-25,North,Home,Blender,CUST-182,4,34.99
ORD-000633,2025-11-25,North,Electronics,Bluetooth Speaker,CUST-119,5,39.99
ORD-001108,2025-11-26,South,Home,Coffee Maker,CUST-255,5,44.99
ORD-000182,2025-11-27,West,Electronics,Wireless Earbuds,CUST-300,1,59.99
ORD-000679,2025-11-27,North,Electronics,Bluetooth Speaker,CUST-62,1,39.99
ORD-000873,2025-11-27,South,Electronics,Wireless Earbuds,CUST-88,1,59.99
ORD-000767,2025-11-28,South,Apparel,Jeans,CUST-50,2,49.99
ORD-000837,2025-11-28,West,Apparel,T-Shirt,CUST-169,5,19.99
ORD-000259,2025-11-29,North,Home,Coffee Maker,CUST-69,1,44.99
ORD-000345,2025-11-30,East,Apparel,T-Shirt,CUST-162,3,19.99
ORD-000438,2025-11-30,North,Sports,Yoga Mat,CUST-67,2,24.99
ORD-000636,2025-11-30,East,Apparel,Jeans,CUST-61,5,49.99
ORD-001106,2025-11-30,North,Apparel,Jeans,CUST-48,3,49.99
ORD-000037,2025-12-01,South,Apparel,Jeans,CUST-8,2,49.99
ORD-000269,2025-12-01,West,Home,Blender,CUST-3,5,34.99
ORD-001182,2025-12-02,West,Sports,Yoga Mat,CUST-73,3,24.99
ORD-000116,2025-12-03,West,Beauty,Face Cream,CUST-1,3,29.99
ORD-000932,2025-12-03,West,Beauty,Face Cream,CUST-289,4,29.99
ORD-000028,2025-12-04,North,Home,Coffee Maker,CUST-191,3,44.99
ORD-000042,2025-12-04,North,Sports,Running Shoes,CUST-66,2,79.99
ORD-001127,2025-12-04,West,Beauty,Shampoo,CUST-251,1,14.99
ORD-000110,2025-12-05,East,Home,Blender,CUST-195,2,34.99
ORD-000481,2025-12-05,North,Beauty,Shampoo,CUST-127,4,14.99
ORD-000567,2025-12-05,West,Apparel,T-Shirt,CUST-142,4,19.99
ORD-000822,2025-12-05,South,Electronics,Bluetooth Speaker,CUST-18,2,39.99
ORD-000018,2025-12-06,North,Home,Desk Lamp,CUST-115,2,24.99
ORD-000076,2025-12-06,South,Home,Coffee Maker,CUST-279,3,44.99
ORD-001166,2025-12-06,South,Sports,Running Shoes,CUST-288,1,79.99
ORD-000021,2025-12-07,South,Sports,Yoga Mat,CUST-174,4,24.99
ORD-000515,2025-12-07,East,Apparel,Jacket,CUST-23,4,89.99
ORD-000666,2025-12-07,East,Beauty,Shampoo,CUST-295,2,14.99
ORD-000707,2025-12-07,South,Electronics,Wireless Earbuds,CUST-77,2,59.99
ORD-000951,2025-12-07,East,Electronics,Wireless Earbuds,CUST-286,4,59.99
ORD-000992,2025-12-07,East,Apparel,T-Shirt,CUST-260,1,19.99
ORD-000584,2025-12-08,East,Beauty,Shampoo,CUST-134,1,14.99
ORD-000832,2025-12-08,North,Apparel,Jacket,CUST-279,4,89.99
ORD-000998,2025-12-08,North,Beauty,Face Cream,CUST-198,4,29.99
ORD-001151,2025-12-08,North,Electronics,Bluetooth Speaker,CUST-108,1,39.99
ORD-000782,2025-12-09,South,Beauty,Shampoo,CUST-63,3,14.99
ORD-000204,2025-12-10,East,Home,Coffee Maker,CUST-208,4,44.99
ORD-000260,2025-12-10,North,Home,Coffee Maker,CUST-160,4,44.99
ORD-000270,2025-12-10,West,Home,Blender,CUST-121,2,34.99
ORD-000412,2025-12-11,East,Apparel,T-Shirt,CUST-138,3,19.99
ORD-000414,2025-12-11,West,Beauty,Shampoo,CUST-194,3,14.99
ORD-000099,2025-12-12,West,Home,Coffee Maker,CUST-226,2,44.99
ORD-000147,2025-12-12,South,Home,Blender,CUST-286,3,34.99
ORD-000388,2025-12-12,East,Beauty,Shampoo,CUST-110,1,14.99
ORD-000653,2025-12-12,South,Electronics,Bluetooth Speaker,CUST-111,1,39.99
ORD-000906,2025-12-12,North,Sports,Yoga Mat,CUST-243,3,24.99
ORD-001193,2025-12-12,North,Home,Desk Lamp,CUST-251,2,24.99
ORD-000630,2025-12-14,North,Apparel,Jeans,CUST-114,3,49.99
ORD-000062,2025-12-15,North,Home,Coffee Maker,CUST-296,2,44.99
ORD-000143,2025-12-15,North,Apparel,T-Shirt,CUST-116,2,19.99
ORD-000393,2025-12-15,South,Apparel,Jacket,CUST-227,3,89.99
ORD-000512,2025-12-15,West,Sports,Yoga Mat,CUST-72,2,24.99
ORD-000844,2025-12-15,West,Sports,Running Shoes,CUST-291,5,79.99
ORD-000903,2025-12-15,East,Apparel,Jacket,CUST-4,1,89.99
ORD-000424,2025-12-16,East,Sports,Yoga Mat,CUST-217,1,24.99
ORD-000075,2025-12-17,West,Apparel,Jeans,CUST-267,1,49.99
ORD-000561,2025-12-17,South,Apparel,Jacket,CUST-248,1,89.99
ORD-000631,2025-12-17,South,Sports,Dumbbell Set,CUST-268,2,59.99
ORD-001029,2025-12-17,North,Sports,Yoga Mat,CUST-21,1,24.99
ORD-001082,2025-12-17,West,Apparel,Jacket,CUST-216,4,89.99
ORD-001155,2025-12-17,East,Apparel,Jacket,CUST-19,3,89.99
ORD-001191,2025-12-18,North,Home,Desk Lamp,CUST-244,4,24.99
ORD-000096,2025-12-19,East,Beauty,Shampoo,CUST-13,5,14.99
ORD-000220,2025-12-19,South,Sports,Running Shoes,CUST-167,2,79.99
ORD-000439,2025-12-20,East,Electronics,Bluetooth Speaker,CUST-254,3,39.99
ORD-001172,2025-12-20,East,Electronics,Wireless Earbuds,CUST-234,2,59.99
ORD-000010,2025-12-21,West,Beauty,Face Cream,CUST-180,2,29.99
ORD-000126,2025-12-21,South,Home,Blender,CUST-229,4,34.99
ORD-000503,2025-12-21,East,Apparel,Jacket,CUST-172,1,89.99
ORD-000709,2025-12-21,South,Sports,Yoga Mat,CUST-246,1,24.99
ORD-000895,2025-12-21,South,Sports,Running Shoes,CUST-37,4,79.99
ORD-001125,2025-12-21,South,Home,Coffee Maker,CUST-160,1,44.99
ORD-001134,2025-12-21,South,Sports,Running Shoes,CUST-161,3,79.99
ORD-001136,2025-12-21,North,Beauty,Shampoo,CUST-214,4,14.99
ORD-000716,2025-12-22,East,Electronics,Wireless Earbuds,CUST-206,4,59.99
ORD-000353,2025-12-23,East,Electronics,Wireless Earbuds,CUST-276,2,59.99
ORD-000878,2025-12-23,North,Home,Coffee Maker,CUST-120,4,44.99
ORD-000957,2025-12-23,South,Home,Blender,CUST-85,2,34.99
ORD-000262,2025-12-24,East,Sports,Yoga Mat,CUST-160,4,24.99
ORD-000293,2025-12-24,West,Apparel,Jacket,CUST-89,5,89.99
ORD-000776,2025-12-24,East,Apparel,Jacket,CUST-26,3,89.99
ORD-000816,2025-12-24,East,Sports,Yoga Mat,CUST-287,5,24.99
ORD-001147,2025-12-24,West,Electronics,Wireless Earbuds,CUST-214,2,59.99
ORD-000230,2025-12-25,West,Apparel,Jeans,CUST-4,1,49.99
ORD-000541,2025-12-25,North,Home,Blender,CUST-167,4,34.99
ORD-001019,2025-12-25,East,Electronics,Wireless Earbuds,CUST-156,4,59.99
ORD-000141,2025-12-26,West,Electronics,Smartwatch,CUST-126,3,129.99
ORD-000189,2025-12-26,East,Electronics,Wireless Earbuds,CUST-79,1,59.99
ORD-000289,2025-12-26,East,Home,Blender,CUST-267,2,34.99
ORD-000306,2025-12-26,East,Electronics,Smartwatch,CUST-267,3,129.99
ORD-000505,2025-12-26,East,Electronics,Wireless Earbuds,CUST-28,1,59.99
ORD-000955,2025-12-26,North,Beauty,Face Cream,CUST-86,4,29.99
ORD-000014,2025-12-27,East,Sports,Dumbbell Set,CUST-50,2,59.99
ORD-000311,2025-12-27,West,Home,Desk Lamp,CUST-241,2,24.99
ORD-000418,2025-12-27,North,Home,Blender,CUST-160,4,34.99
ORD-000451,2025-12-27,North,Sports,Yoga Mat,CUST-271,5,24.99
ORD-000340,2025-12-28,West,Home,Blender,CUST-179,3,34.99
ORD-000394,2025-12-28,West,Home,Blender,CUST-252,1,34.99
ORD-000410,2025-12-28,South,Sports,Dumbbell Set,CUST-278,1,59.99
ORD-000678,2025-12-28,North,Electronics,Bluetooth Speaker,CUST-132,5,39.99
ORD-000788,2025-12-29,North,Home,Blender,CUST-287,3,34.99
ORD-001141,2025-12-29,East,Sports,Dumbbell Set,CUST-31,2,59.99
ORD-000372,2025-12-30,West,Beauty,Shampoo,CUST-195,5,14.99
ORD-000624,2025-12-30,South,Apparel,Jeans,CUST-120,5,49.99
ORD-000849,2025-12-30,North,Sports,Dumbbell Set,CUST-205,4,59.99
ORD-000940,2025-12-30,East,Apparel,Jacket,CUST-50,5,89.99
ORD-001045,2025-12-30,West,Sports,Dumbbell Set,CUST-169,1,59.99
ORD-001066,2025-12-30,North,Electronics,Smartwatch,CUST-259,5,129.99
ORD-000474,2025-12-31,West,Electronics,Smartwatch,CUST-80,3,129.99
ORD-001197,2025-12-31,East,Sports,Yoga Mat,CUST-59,2,24.99
ORD-000313,2026-01-01,West,Home,Coffee Maker,CUST-228,2,44.99
ORD-000650,2026-01-01,West,Sports,Running Shoes,CUST-189,3,79.99
ORD-000697,2026-01-01,North,Sports,Yoga Mat,CUST-255,2,24.99
ORD-000728,2026-01-01,South,Home,Coffee Maker,CUST-68,3,44.99
ORD-000536,2026-01-02,South,Electronics,Smartwatch,CUST-236,3,129.99
ORD-000695,2026-01-02,West,Electronics,Smartwatch,CUST-148,3,129.99
ORD-000857,2026-01-02,East,Electronics,Smartwatch,CUST-234,1,129.99
ORD-000910,2026-01-02,South,Home,Coffee Maker,CUST-147,2,44.99
ORD-000921,2026-01-03,West,Electronics,Bluetooth Speaker,CUST-184,5,39.99
ORD-000625,2026-01-04,East,Home,Blender,CUST-218,5,34.99
ORD-000587,2026-01-05,East,Electronics,Wireless Earbuds,CUST-237,1,59.99
ORD-000773,2026-01-06,West,Apparel,T-Shirt,CUST-48,5,19.99
ORD-001135,2026-01-06,West,Home,Coffee Maker,CUST-232,4,44.99
ORD-000389,2026-01-07,West,Apparel,Jacket,CUST-46,5,89.99
ORD-000428,2026-01-07,East,Sports,Running Shoes,CUST-239,5,79.99
ORD-000453,2026-01-07,East,Apparel,Jacket,CUST-90,1,89.99
ORD-000681,2026-01-07,South,Electronics,Wireless Earbuds,CUST-293,1,59.99
ORD-000946,2026-01-07,East,Apparel,T-Shirt,CUST-85,2,19.99
ORD-001194,2026-01-07,South,Beauty,Face Cream,CUST-109,2,29.99
ORD-000088,2026-01-08,South,Sports,Yoga Mat,CUST-90,3,24.99
ORD-000151,2026-01-08,West,Sports,Dumbbell Set,CUST-154,3,59.99
ORD-000967,2026-01-08,West,Apparel,Jacket,CUST-291,3,89.99
ORD-000056,2026-01-09,East,Sports,Running Shoes,CUST-32,1,79.99
ORD-000124,2026-01-09,East,Home,Desk Lamp,CUST-69,2,24.99
ORD-000221,2026-01-09,West,Electronics,Smartwatch,CUST-286,1,129.99
ORD-000429,2026-01-09,North,Apparel,Jacket,CUST-267,1,89.99
ORD-000490,2026-01-09,North,Home,Desk Lamp,CUST-167,4,24.99
ORD-000506,2026-01-09,North,Beauty,Face Cream,CUST-204,5,29.99
ORD-000511,2026-01-09,West,Electronics,Wireless Earbuds,CUST-228,3,59.99
ORD-000532,2026-01-09,North,Beauty,Face Cream,CUST-256,1,29.99
ORD-000595,2026-01-09,East,Sports,Running Shoes,CUST-91,5,79.99
ORD-000013,2026-01-10,East,Home,Blender,CUST-205,3,34.99
ORD-000309,2026-01-10,West,Apparel,Jeans,CUST-15,2,49.99
ORD-000622,2026-01-10,South,Sports,Dumbbell Set,CUST-276,1,59.99
ORD-000108,2026-01-12,North,Sports,Yoga Mat,CUST-273,1,24.99
ORD-000194,2026-01-12,South,Beauty,Shampoo,CUST-281,4,14.99
ORD-000321,2026-01-12,West,Apparel,T-Shirt,CUST-152,3,19.99
ORD-000445,2026-01-12,East,Home,Blender,CUST-188,1,34.99
ORD-000015,2026-01-13,East,Sports,Dumbbell Set,CUST-244,5,59.99
ORD-000122,2026-01-13,North,Beauty,Shampoo,CUST-283,1,14.99
ORD-000359,2026-01-13,East,Electronics,Smartwatch,CUST-68,3,129.99
ORD-000544,2026-01-13,North,Electronics,Bluetooth Speaker,CUST-121,2,39.99
ORD-000632,2026-01-13,South,Sports,Dumbbell Set,CUST-118,4,59.99
ORD-000864,2026-01-13,West,Apparel,Jacket,CUST-256,4,89.99
ORD-001173,2026-01-13,North,Sports,Running Shoes,CUST-284,5,79.99
ORD-001186,2026-01-13,South,Electronics,Bluetooth Speaker,CUST-88,1,39.99
ORD-000107,2026-01-14,West,Electronics,Wireless Earbuds,CUST-47,1,59.99
ORD-000346,2026-01-14,South,Apparel,Jeans,CUST-95,1,49.99
ORD-001185,2026-01-14,South,Apparel,Jacket,CUST-127,3,89.99
ORD-000097,2026-01-15,East,Apparel,Jeans,CUST-181,1,49.99
ORD-000183,2026-01-15,East,Home,Blender,CUST-86,2,34.99
ORD-001177,2026-01-15,East,Beauty,Face Cream,CUST-113,1,29.99
ORD-000519,2026-01-16,North,Sports,Dumbbell Set,CUST-279,5,59.99
ORD-000647,2026-01-16,South,Electronics,Smartwatch,CUST-116,1,129.99
ORD-000655,2026-01-16,South,Home,Coffee Maker,CUST-237,3,44.99
ORD-000959,2026-01-16,North,Electronics,Wireless Earbuds,CUST-279,3,59.99
ORD-001003,2026-01-16,South,Electronics,Wireless Earbuds,CUST-195,1,59.99
ORD-000581,2026-01-17,East,Electronics,Bluetooth Speaker,CUST-216,4,39.99
ORD-000399,2026-01-18,South,Electronics,Smartwatch,CUST-73,1,129.99
ORD-000888,2026-01-18,South,Home,Coffee Maker,CUST-98,3,44.99
ORD-000447,2026-01-19,East,Home,Coffee Maker,CUST-244,5,44.99
ORD-000557,2026-01-19,North,Apparel,Jacket,CUST-206,2,89.99
ORD-000988,2026-01-19,East,Sports,Yoga Mat,CUST-66,5,24.99
ORD-001157,2026-01-19,North,Apparel,Jeans,CUST-75,4,49.99
ORD-000188,2026-01-20,South,Sports,Running Shoes,CUST-203,4,79.99
ORD-001009,2026-01-20,East,Electronics,Wireless Earbuds,CUST-61,4,59.99
ORD-001088,2026-01-20,North,Home,Desk Lamp,CUST-155,1,24.99
ORD-000117,2026-01-21,North,Home,Blender,CUST-57,1,34.99
ORD-000139,2026-01-21,South,Electronics,Bluetooth Speaker,CUST-45,5,39.99
ORD-000472,2026-01-21,East,Sports,Yoga Mat,CUST-198,2,24.99
ORD-000585,2026-01-21,West,Sports,Dumbbell Set,CUST-210,3,59.99
ORD-000797,2026-01-21,West,Home,Blender,CUST-275,1,34.99
ORD-001007,2026-01-21,South,Apparel,Jacket,CUST-187,1,89.99
ORD-001158,2026-01-21,West,Apparel,Jeans,CUST-175,1,49.99
ORD-000446,2026-01-22,North,Apparel,T-Shirt,CUST-206,2,19.99
ORD-000761,2026-01-22,South,Home,Desk Lamp,CUST-184,1,24.99
ORD-001018,2026-01-23,East,Sports,Yoga Mat,CUST-269,2,24.99
ORD-000190,2026-01-24,North,Electronics,Wireless Earbuds,CUST-189,2,59.99
ORD-000291,2026-01-24,South,Apparel,Jacket,CUST-256,1,89.99
ORD-000339,2026-01-24,West,Apparel,T-Shirt,CUST-13,4,19.99
ORD-000498,2026-01-24,West,Electronics,Bluetooth Speaker,CUST-119,3,39.99
ORD-000007,2026-01-25,West,Apparel,T-Shirt,CUST-287,1,19.99
ORD-000382,2026-01-25,West,Electronics,Bluetooth Speaker,CUST-127,5,39.99
ORD-000784,2026-01-25,West,Beauty,Shampoo,CUST-32,3,14.99
ORD-001123,2026-01-25,North,Beauty,Shampoo,CUST-150,4,14.99
ORD-000140,2026-01-26,East,Electronics,Smartwatch,CUST-46,2,129.99
ORD-000436,2026-01-26,South,Apparel,Jeans,CUST-88,2,49.99
ORD-001086,2026-01-26,East,Electronics,Bluetooth Speaker,CUST-99,5,39.99
ORD-000197,2026-01-27,West,Sports,Running Shoes,CUST-18,3,79.99
ORD-000841,2026-01-27,North,Electronics,Bluetooth Speaker,CUST-163,4,39.99
ORD-000893,2026-01-27,West,Electronics,Wireless Earbuds,CUST-84,4,59.99
ORD-001031,2026-01-27,West,Sports,Dumbbell Set,CUST-166,3,59.99
ORD-001089,2026-01-27,West,Apparel,Jeans,CUST-184,4,49.99
ORD-000426,2026-01-28,West,Home,Coffee Maker,CUST-280,5,44.99
ORD-000853,2026-01-29,West,Electronics,Wireless Earbuds,CUST-8,4,59.99
ORD-000127,2026-01-30,North,Sports,Dumbbell Set,CUST-125,1,59.99
ORD-001118,2026-01-30,North,Sports,Yoga Mat,CUST-201,3,24.99
ORD-001122,2026-01-30,North,Electronics,Wireless Earbuds,CUST-233,5,59.99
ORD-001159,2026-01-30,South,Electronics,Wireless Earbuds,CUST-231,4,59.99
ORD-000464,2026-01-31,South,Beauty,Shampoo,CUST-176,3,14.99
ORD-000675,2026-01-31,North,Home,Desk Lamp,CUST-283,2,24.99
ORD-000682,2026-01-31,East,Electronics,Smartwatch,CUST-150,4,129.99
ORD-000824,2026-01-31,East,Apparel,T-Shirt,CUST-148,5,19.99
ORD-001113,2026-01-31,North,Sports,Yoga Mat,CUST-176,5,24.99
ORD-000644,2026-02-01,South,Apparel,Jeans,CUST-292,5,49.99
ORD-000405,2026-02-02,East,Beauty,Shampoo,CUST-242,5,14.99
ORD-000674,2026-02-03,North,Apparel,Jeans,CUST-68,4,49.99
ORD-001140,2026-02-03,West,Sports,Yoga Mat,CUST-61,2,24.99
ORD-000130,2026-02-04,North,Home,Blender,CUST-110,5,34.99
ORD-001014,2026-02-04,West,Apparel,Jeans,CUST-262,1,49.99
ORD-000032,2026-02-05,East,Electronics,Wireless Earbuds,CUST-300,4,59.99
ORD-000206,2026-02-05,East,Sports,Dumbbell Set,CUST-50,5,59.99
ORD-000420,2026-02-05,East,Electronics,Smartwatch,CUST-167,3,129.99
ORD-000516,2026-02-05,North,Sports,Yoga Mat,CUST-272,2,24.99
ORD-000689,2026-02-05,West,Electronics,Wireless Earbuds,CUST-283,1,59.99
ORD-000700,2026-02-05,South,Sports,Dumbbell Set,CUST-271,4,59.99
ORD-000827,2026-02-05,South,Electronics,Wireless Earbuds,CUST-12,4,59.99
ORD-000006,2026-02-07,West,Apparel,Jacket,CUST-81,1,89.99
ORD-000114,2026-02-07,East,Apparel,T-Shirt,CUST-115,1,19.99
ORD-000247,2026-02-07,North,Apparel,Jeans,CUST-176,5,49.99
ORD-000558,2026-02-07,South,Apparel,T-Shirt,CUST-158,2,19.99
ORD-000671,2026-02-07,South,Apparel,T-Shirt,CUST-285,2,19.99
ORD-001000,2026-02-07,North,Beauty,Face Cream,CUST-140,1,29.99
ORD-000170,2026-02-08,East,Electronics,Wireless Earbuds,CUST-291,5,59.99
ORD-000201,2026-02-08,South,Beauty,Shampoo,CUST-97,1,14.99
ORD-000218,2026-02-08,East,Electronics,Bluetooth Speaker,CUST-224,5,39.99
ORD-000833,2026-02-08,South,Electronics,Smartwatch,CUST-138,2,129.99
ORD-000840,2026-02-08,West,Sports,Running Shoes,CUST-196,4,79.99
ORD-000941,2026-02-08,West,Home,Coffee Maker,CUST-24,5,44.99
ORD-001178,2026-02-08,South,Apparel,Jacket,CUST-67,3,89.99
ORD-000104,2026-02-09,South,Electronics,Wireless Earbuds,CUST-287,4,59.99
ORD-001070,2026-02-09,West,Sports,Running Shoes,CUST-2,1,79.99
ORD-000422,2026-02-10,South,Sports,Dumbbell Set,CUST-202,4,59.99
ORD-000913,2026-02-10,North,Electronics,Smartwatch,CUST-115,3,129.99
ORD-000944,2026-02-10,North,Electronics,Bluetooth Speaker,CUST-202,2,39.99
ORD-000254,2026-02-11,South,Beauty,Shampoo,CUST-173,2,14.99
ORD-000607,2026-02-11,East,Beauty,Face Cream,CUST-287,4,29.99
ORD-000848,2026-02-11,North,Electronics,Smartwatch,CUST-178,2,129.99
ORD-001068,2026-02-11,North,Beauty,Face Cream,CUST-151,5,29.99
ORD-001169,2026-02-12,South,Sports,Yoga Mat,CUST-28,5,24.99
ORD-000199,2026-02-13,West,Home,Coffee Maker,CUST-80,4,44.99
ORD-001101,2026-02-13,West,Electronics,Wireless Earbuds,CUST-115,1,59.99
ORD-000087,2026-02-14,East,Apparel,Jeans,CUST-231,1,49.99
ORD-000465,2026-02-14,East,Electronics,Wireless Earbuds,CUST-176,2,59.99
ORD-000729,2026-02-14,North,Beauty,Shampoo,CUST-52,5,14.99
ORD-000733,2026-02-14,East,Electronics,Bluetooth Speaker,CUST-260,1,39.99
ORD-000920,2026-02-14,East,Apparel,Jacket,CUST-131,3,89.99
ORD-000939,2026-02-14,North,Electronics,Smartwatch,CUST-76,5,129.99
ORD-000949,2026-02-15,West,Sports,Dumbbell Set,CUST-206,2,59.99
ORD-000708,2026-02-16,South,Electronics,Smartwatch,CUST-66,5,129.99
ORD-000889,2026-02-16,North,Apparel,Jacket,CUST-62,4,89.99
ORD-000085,2026-02-17,West,Home,Blender,CUST-87,2,34.99
ORD-000154,2026-02-17,West,Apparel,T-Shirt,CUST-149,2,19.99
ORD-000473,2026-02-17,South,Sports,Dumbbell Set,CUST-169,4,59.99
ORD-000838,2026-02-17,East,Electronics,Bluetooth Speaker,CUST-32,4,39.99
ORD-000861,2026-02-17,South,Home,Blender,CUST-254,1,34.99
ORD-001128,2026-02-17,North,Electronics,Bluetooth Speaker,CUST-288,3,39.99
ORD-000479,2026-02-18,South,Home,Blender,CUST-160,1,34.99
ORD-000487,2026-02-18,North,Apparel,Jeans,CUST-77,1,49.99
ORD-000657,2026-02-18,North,Beauty,Shampoo,CUST-56,4,14.99
ORD-000884,2026-02-18,East,Apparel,Jacket,CUST-32,2,89.99
ORD-000357,2026-02-19,West,Beauty,Shampoo,CUST-226,2,14.99
ORD-000596,2026-02-19,West,Beauty,Face Cream,CUST-209,5,29.99
ORD-001015,2026-02-19,South,Apparel,Jacket,CUST-18,3,89.99
ORD-001032,2026-02-19,South,Home,Desk Lamp,CUST-292,3,24.99
ORD-001049,2026-02-19,East,Home,Coffee Maker,CUST-126,3,44.99
ORD-000138,2026-02-20,West,Apparel,Jacket,CUST-299,2,89.99
ORD-000337,2026-02-20,North,Sports,Dumbbell Set,CUST-149,4,59.99
ORD-000908,2026-02-20,West,Beauty,Shampoo,CUST-108,5,14.99
ORD-000016,2026-02-21,East,Sports,Yoga Mat,CUST-28,5,24.99
ORD-000493,2026-02-21,North,Sports,Yoga Mat,CUST-5,3,24.99
ORD-000576,2026-02-21,South,Electronics,Smartwatch,CUST-32,3,129.99
ORD-000580,2026-02-21,North,Apparel,Jacket,CUST-17,5,89.99
ORD-000609,2026-02-21,East,Sports,Dumbbell Set,CUST-245,2,59.99
ORD-000677,2026-02-21,South,Electronics,Wireless Earbuds,CUST-165,4,59.99
ORD-001099,2026-02-21,South,Electronics,Smartwatch,CUST-277,1,129.99
ORD-001132,2026-02-21,North,Home,Blender,CUST-112,3,34.99
ORD-000080,2026-02-22,West,Sports,Dumbbell Set,CUST-213,3,59.99
ORD-000094,2026-02-22,West,Apparel,Jacket,CUST-202,1,89.99
ORD-000614,2026-02-22,West,Sports,Running Shoes,CUST-226,2,79.99
ORD-000843,2026-02-22,West,Electronics,Wireless Earbuds,CUST-83,3,59.99
ORD-001044,2026-02-22,East,Sports,Running Shoes,CUST-163,4,79.99
ORD-001163,2026-02-22,North,Electronics,Bluetooth Speaker,CUST-108,4,39.99
ORD-000522,2026-02-24,South,Apparel,Jeans,CUST-86,5,49.99
ORD-000996,2026-02-25,East,Electronics,Bluetooth Speaker,CUST-225,5,39.99
ORD-001062,2026-02-25,West,Apparel,T-Shirt,CUST-49,1,19.99
ORD-000328,2026-02-26,North,Home,Blender,CUST-114,3,34.99
ORD-000115,2026-02-27,North,Home,Coffee Maker,CUST-73,1,44.99
ORD-000577,2026-02-27,East,Electronics,Bluetooth Speaker,CUST-52,3,39.99
ORD-000793,2026-02-27,West,Home,Coffee Maker,CUST-101,5,44.99
ORD-000131,2026-03-01,East,Electronics,Wireless Earbuds,CUST-74,3,59.99
ORD-000334,2026-03-01,South,Electronics,Bluetooth Speaker,CUST-277,4,39.99
ORD-000680,2026-03-01,East,Beauty,Shampoo,CUST-156,1,14.99
ORD-000370,2026-03-02,North,Electronics,Smartwatch,CUST-123,5,129.99
ORD-000931,2026-03-02,South,Electronics,Bluetooth Speaker,CUST-58,3,39.99
ORD-000084,2026-03-03,South,Sports,Running Shoes,CUST-113,2,79.99
ORD-000477,2026-03-03,East,Electronics,Wireless Earbuds,CUST-166,1,59.99
ORD-001112,2026-03-03,South,Electronics,Wireless Earbuds,CUST-173,5,59.99
ORD-000079,2026-03-04,South,Apparel,Jacket,CUST-147,3,89.99
ORD-000257,2026-03-04,North,Home,Coffee Maker,CUST-157,3,44.99
ORD-000380,2026-03-04,South,Sports,Dumbbell Set,CUST-286,2,59.99
ORD-000081,2026-03-05,South,Apparel,Jeans,CUST-23,1,49.99
ORD-000271,2026-03-05,East,Home,Blender,CUST-217,2,34.99
ORD-000508,2026-03-05,North,Apparel,T-Shirt,CUST-130,3,19.99
ORD-001184,2026-03-05,East,Electronics,Smartwatch,CUST-217,5,129.99
ORD-000317,2026-03-06,South,Beauty,Shampoo,CUST-71,5,14.99
ORD-000283,2026-03-07,West,Sports,Yoga Mat,CUST-230,1,24.99
ORD-000619,2026-03-07,East,Beauty,Shampoo,CUST-246,2,14.99
ORD-000719,2026-03-07,East,Home,Blender,CUST-38,4,34.99
ORD-000943,2026-03-07,North,Electronics,Bluetooth Speaker,CUST-45,3,39.99
ORD-000977,2026-03-07,North,Electronics,Bluetooth Speaker,CUST-235,3,39.99
ORD-001085,2026-03-07,East,Home,Desk Lamp,CUST-124,3,24.99
ORD-001069,2026-03-08,West,Home,Desk Lamp,CUST-39,1,24.99
ORD-000521,2026-03-09,South,Apparel,Jacket,CUST-183,2,89.99
ORD-000553,2026-03-09,South,Home,Coffee Maker,CUST-163,2,44.99
ORD-000796,2026-03-09,South,Electronics,Wireless Earbuds,CUST-55,5,59.99
ORD-001020,2026-03-09,North,Apparel,T-Shirt,CUST-7,3,19.99
ORD-000061,2026-03-10,West,Apparel,Jacket,CUST-17,4,89.99
ORD-000090,2026-03-10,West,Home,Blender,CUST-130,2,34.99
ORD-000264,2026-03-10,East,Electronics,Smartwatch,CUST-179,4,129.99
ORD-001005,2026-03-10,South,Home,Coffee Maker,CUST-149,2,44.99
ORD-000100,2026-03-11,South,Electronics,Wireless Earbuds,CUST-182,1,59.99
ORD-000106,2026-03-11,South,Home,Coffee Maker,CUST-181,4,44.99
ORD-000390,2026-03-11,South,Sports,Dumbbell Set,CUST-298,2,59.99
ORD-000814,2026-03-12,South,Apparel,Jacket,CUST-74,1,89.99
ORD-001103,2026-03-12,South,Beauty,Shampoo,CUST-211,2,14.99
ORD-000459,2026-03-13,South,Sports,Running Shoes,CUST-265,4,79.99
ORD-001117,2026-03-13,North,Beauty,Face Cream,CUST-184,4,29.99
ORD-000602,2026-03-14,South,Home,Desk Lamp,CUST-1,2,24.99
ORD-000961,2026-03-14,East,Sports,Running Shoes,CUST-181,5,79.99
ORD-000045,2026-03-15,East,Sports,Yoga Mat,CUST-111,4,24.99
ORD-000363,2026-03-15,South,Home,Blender,CUST-245,4,34.99
ORD-000718,2026-03-15,North,Home,Coffee Maker,CUST-147,1,44.99
ORD-000950,2026-03-15,East,Home,Blender,CUST-174,3,34.99
ORD-000870,2026-03-16,West,Apparel,Jacket,CUST-195,5,89.99
ORD-001144,2026-03-16,North,Apparel,Jacket,CUST-30,4,89.99
ORD-000208,2026-03-17,South,Electronics,Wireless Earbuds,CUST-207,5,59.99
ORD-000880,2026-03-17,West,Home,Coffee Maker,CUST-36,1,44.99
ORD-000905,2026-03-17,West,Apparel,Jeans,CUST-52,1,49.99
ORD-000219,2026-03-18,West,Sports,Dumbbell Set,CUST-67,5,59.99
ORD-000673,2026-03-18,West,Sports,Running Shoes,CUST-127,5,79.99
ORD-000774,2026-03-18,West,Apparel,Jeans,CUST-137,2,49.99
ORD-000925,2026-03-18,South,Sports,Dumbbell Set,CUST-109,1,59.99
ORD-001180,2026-03-18,South,Sports,Yoga Mat,CUST-263,2,24.99
ORD-000213,2026-03-19,West,Sports,Running Shoes,CUST-17,2,79.99
ORD-000249,2026-03-19,East,Sports,Running Shoes,CUST-238,3,79.99
ORD-000458,2026-03-19,North,Home,Coffee Maker,CUST-89,1,44.99
ORD-000226,2026-03-20,South,Home,Blender,CUST-195,5,34.99
ORD-000540,2026-03-20,East,Sports,Dumbbell Set,CUST-227,2,59.99
ORD-000599,2026-03-20,South,Electronics,Smartwatch,CUST-76,3,129.99
ORD-000933,2026-03-20,East,Beauty,Face Cream,CUST-70,1,29.99
ORD-001196,2026-03-20,North,Apparel,Jeans,CUST-250,5,49.99
ORD-000003,2026-03-21,South,Apparel,T-Shirt,CUST-84,1,19.99
ORD-000783,2026-03-21,East,Electronics,Wireless Earbuds,CUST-201,3,59.99
ORD-000858,2026-03-21,East,Electronics,Wireless Earbuds,CUST-57,1,59.99
ORD-000993,2026-03-21,East,Electronics,Bluetooth Speaker,CUST-5,1,39.99
ORD-000820,2026-03-22,East,Electronics,Bluetooth Speaker,CUST-262,2,39.99
ORD-001036,2026-03-22,West,Apparel,T-Shirt,CUST-27,2,19.99
ORD-000111,2026-03-23,West,Sports,Dumbbell Set,CUST-63,2,59.99
ORD-000338,2026-03-23,North,Beauty,Face Cream,CUST-134,2,29.99
ORD-000623,2026-03-23,East,Home,Blender,CUST-149,5,34.99
ORD-000064,2026-03-24,East,Sports,Yoga Mat,CUST-99,1,24.99
ORD-000207,2026-03-25,North,Sports,Yoga Mat,CUST-175,2,24.99
ORD-000968,2026-03-25,South,Apparel,Jacket,CUST-187,3,89.99
ORD-000538,2026-03-26,West,Sports,Yoga Mat,CUST-173,1,24.99
ORD-000573,2026-03-26,South,Apparel,Jeans,CUST-226,1,49.99
ORD-000721,2026-03-26,North,Electronics,Bluetooth Speaker,CUST-34,3,39.99
ORD-001076,2026-03-26,North,Apparel,T-Shirt,CUST-241,2,19.99
ORD-000635,2026-03-27,North,Electronics,Wireless Earbuds,CUST-140,1,59.99
ORD-000855,2026-03-27,North,Beauty,Shampoo,CUST-128,3,14.99
ORD-000919,2026-03-27,East,Beauty,Face Cream,CUST-287,2,29.99
ORD-000942,2026-03-27,West,Electronics,Smartwatch,CUST-25,5,129.99
ORD-001126,2026-03-27,West,Sports,Yoga Mat,CUST-136,5,24.99
ORD-000067,2026-03-28,East,Home,Desk Lamp,CUST-76,2,24.99
ORD-000754,2026-03-28,West,Apparel,Jeans,CUST-55,3,49.99
ORD-000863,2026-03-28,North,Apparel,T-Shirt,CUST-164,2,19.99
ORD-000911,2026-03-28,West,Home,Coffee Maker,CUST-181,1,44.99
ORD-000033,2026-03-29,North,Electronics,Bluetooth Speaker,CUST-144,1,39.99
ORD-000332,2026-03-29,East,Beauty,Face Cream,CUST-283,4,29.99
ORD-000528,2026-03-29,East,Apparel,Jacket,CUST-208,2,89.99
ORD-000575,2026-03-29,West,Home,Blender,CUST-262,1,34.99
ORD-001156,2026-03-29,North,Electronics,Bluetooth Speaker,CUST-45,4,39.99
ORD-001168,2026-03-30,West,Home,Desk Lamp,CUST-22,3,24.99
ORD-000739,2026-03-31,South,Home,Coffee Maker,CUST-199,2,44.99
ORD-000914,2026-03-31,West,Electronics,Smartwatch,CUST-293,5,129.99
ORD-001080,2026-03-31,East,Electronics,Bluetooth Speaker,CUST-36,1,39.99
ORD-000091,2026-04-01,North,Home,Blender,CUST-200,4,34.99
ORD-000286,2026-04-01,West,Home,Blender,CUST-137,1,34.99
ORD-000543,2026-04-01,East,Apparel,Jeans,CUST-75,4,49.99
ORD-000555,2026-04-01,South,Electronics,Wireless Earbuds,CUST-48,2,59.99
ORD-000620,2026-04-01,South,Sports,Dumbbell Set,CUST-271,1,59.99
ORD-000751,2026-04-01,West,Beauty,Shampoo,CUST-44,2,14.99
ORD-000922,2026-04-01,South,Sports,Running Shoes,CUST-46,4,79.99
ORD-000986,2026-04-02,West,Electronics,Smartwatch,CUST-231,4,129.99
ORD-001098,2026-04-02,East,Sports,Running Shoes,CUST-196,2,79.99
ORD-000059,2026-04-03,West,Apparel,Jeans,CUST-78,4,49.99
ORD-000125,2026-04-03,West,Sports,Dumbbell Set,CUST-83,5,59.99
ORD-000556,2026-04-03,East,Electronics,Wireless Earbuds,CUST-147,1,59.99
ORD-001040,2026-04-03,West,Electronics,Bluetooth Speaker,CUST-75,1,39.99
ORD-000174,2026-04-04,East,Beauty,Shampoo,CUST-99,5,14.99
ORD-000246,2026-04-04,South,Apparel,Jeans,CUST-278,5,49.99
ORD-000253,2026-04-04,East,Home,Blender,CUST-99,5,34.99
ORD-000897,2026-04-04,South,Sports,Yoga Mat,CUST-257,1,24.99
ORD-001027,2026-04-04,South,Apparel,Jeans,CUST-67,5,49.99
ORD-000440,2026-04-05,North,Sports,Dumbbell Set,CUST-201,3,59.99
ORD-000752,2026-04-05,North,Electronics,Bluetooth Speaker,CUST-5,2,39.99
ORD-000872,2026-04-05,East,Home,Coffee Maker,CUST-164,1,44.99
ORD-000071,2026-04-06,South,Apparel,T-Shirt,CUST-65,4,19.99
ORD-000583,2026-04-06,South,Home,Blender,CUST-207,3,34.99
ORD-000615,2026-04-06,South,Sports,Yoga Mat,CUST-123,5,24.99
ORD-000612,2026-04-07,North,Apparel,T-Shirt,CUST-39,3,19.99
ORD-001017,2026-04-07,North,Electronics,Wireless Earbuds,CUST-11,2,59.99
ORD-000753,2026-04-08,East,Apparel,Jeans,CUST-58,4,49.99
ORD-000898,2026-04-09,West,Home,Blender,CUST-65,5,34.99
ORD-000234,2026-04-10,West,Electronics,Smartwatch,CUST-39,2,129.99
ORD-000366,2026-04-10,North,Beauty,Shampoo,CUST-100,3,14.99
ORD-000722,2026-04-10,East,Sports,Dumbbell Set,CUST-164,5,59.99
ORD-000791,2026-04-10,West,Sports,Dumbbell Set,CUST-167,1,59.99
ORD-000212,2026-04-11,North,Home,Desk Lamp,CUST-12,1,24.99
ORD-000297,2026-04-11,West,Apparel,Jacket,CUST-173,1,89.99
ORD-000562,2026-04-11,South,Electronics,Bluetooth Speaker,CUST-172,2,39.99
ORD-000747,2026-04-11,South,Apparel,T-Shirt,CUST-60,5,19.99
ORD-000755,2026-04-11,East,Electronics,Smartwatch,CUST-164,3,129.99
ORD-001035,2026-04-11,West,Home,Desk Lamp,CUST-104,4,24.99
ORD-000055,2026-04-12,South,Sports,Running Shoes,CUST-284,5,79.99
ORD-000082,2026-04-12,East,Electronics,Smartwatch,CUST-4,4,129.99
ORD-000118,2026-04-12,West,Apparel,T-Shirt,CUST-38,3,19.99
ORD-000132,2026-04-12,East,Beauty,Shampoo,CUST-277,2,14.99
ORD-000319,2026-04-12,South,Sports,Dumbbell Set,CUST-133,4,59.99
ORD-000320,2026-04-12,East,Apparel,Jeans,CUST-192,2,49.99
ORD-000275,2026-04-13,East,Home,Blender,CUST-75,3,34.99
ORD-000432,2026-04-13,South,Electronics,Smartwatch,CUST-197,3,129.99
ORD-000668,2026-04-13,East,Sports,Dumbbell Set,CUST-202,1,59.99
ORD-000385,2026-04-14,North,Apparel,Jeans,CUST-141,5,49.99
ORD-000886,2026-04-14,South,Electronics,Bluetooth Speaker,CUST-195,5,39.99
ORD-000031,2026-04-15,North,Electronics,Bluetooth Speaker,CUST-230,4,39.99
ORD-000285,2026-04-15,South,Sports,Dumbbell Set,CUST-172,1,59.99
ORD-000343,2026-04-15,North,Apparel,Jeans,CUST-200,5,49.99
ORD-000406,2026-04-15,South,Beauty,Face Cream,CUST-173,5,29.99
ORD-000785,2026-04-15,West,Home,Coffee Maker,CUST-159,1,44.99
ORD-000803,2026-04-15,West,Electronics,Wireless Earbuds,CUST-161,1,59.99
ORD-000184,2026-04-16,West,Beauty,Face Cream,CUST-146,2,29.99
ORD-000205,2026-04-16,West,Apparel,T-Shirt,CUST-129,4,19.99
ORD-000539,2026-04-16,North,Home,Desk Lamp,CUST-59,1,24.99
ORD-000749,2026-04-16,West,Sports,Dumbbell Set,CUST-197,3,59.99
ORD-000054,2026-04-17,West,Home,Desk Lamp,CUST-234,4,24.99
ORD-000149,2026-04-17,South,Electronics,Smartwatch,CUST-119,4,129.99
ORD-000176,2026-04-17,East,Home,Coffee Maker,CUST-148,4,44.99
ORD-000391,2026-04-17,South,Apparel,Jacket,CUST-156,2,89.99
ORD-000443,2026-04-17,West,Sports,Yoga Mat,CUST-201,1,24.99
ORD-000799,2026-04-17,North,Sports,Dumbbell Set,CUST-122,3,59.99
ORD-001091,2026-04-17,North,Apparel,T-Shirt,CUST-155,2,19.99
ORD-000548,2026-04-18,South,Apparel,Jacket,CUST-153,5,89.99
ORD-000564,2026-04-18,East,Beauty,Shampoo,CUST-290,5,14.99
ORD-000578,2026-04-18,West,Beauty,Face Cream,CUST-270,3,29.99
ORD-001074,2026-04-18,South,Beauty,Shampoo,CUST-92,1,14.99
ORD-000001,2026-04-19,East,Sports,Running Shoes,CUST-291,2,79.99
ORD-000991,2026-04-19,East,Beauty,Face Cream,CUST-38,3,29.99
ORD-000997,2026-04-19,East,Beauty,Shampoo,CUST-299,3,14.99
ORD-000482,2026-04-20,West,Apparel,Jacket,CUST-76,5,89.99
ORD-000787,2026-04-20,South,Sports,Yoga Mat,CUST-2,5,24.99
ORD-000203,2026-04-21,West,Electronics,Bluetooth Speaker,CUST-279,3,39.99
ORD-000214,2026-04-21,West,Apparel,Jacket,CUST-145,4,89.99
ORD-000379,2026-04-21,West,Beauty,Shampoo,CUST-172,2,14.99
ORD-000860,2026-04-21,East,Electronics,Smartwatch,CUST-236,2,129.99
ORD-001041,2026-04-21,North,Sports,Running Shoes,CUST-154,5,79.99
ORD-000318,2026-04-22,West,Apparel,Jeans,CUST-66,1,49.99
ORD-000350,2026-04-22,East,Sports,Running Shoes,CUST-186,5,79.99
ORD-000616,2026-04-22,West,Home,Desk Lamp,CUST-240,5,24.99
ORD-000734,2026-04-22,North,Electronics,Bluetooth Speaker,CUST-105,5,39.99
ORD-000640,2026-04-23,East,Sports,Dumbbell Set,CUST-148,5,59.99
ORD-000594,2026-04-24,West,Beauty,Face Cream,CUST-290,1,29.99
ORD-000053,2026-04-25,West,Sports,Dumbbell Set,CUST-285,5,59.99
ORD-000302,2026-04-25,West,Electronics,Smartwatch,CUST-4,2,129.99
ORD-000760,2026-04-25,South,Sports,Dumbbell Set,CUST-157,3,59.99
ORD-000962,2026-04-25,East,Beauty,Shampoo,CUST-172,2,14.99
ORD-000150,2026-04-26,East,Sports,Dumbbell Set,CUST-255,2,59.99
ORD-000356,2026-04-26,West,Home,Coffee Maker,CUST-34,5,44.99
ORD-000408,2026-04-26,South,Apparel,Jacket,CUST-29,1,89.99
ORD-001063,2026-04-26,North,Electronics,Wireless Earbuds,CUST-114,1,59.99
ORD-000268,2026-04-27,East,Electronics,Bluetooth Speaker,CUST-115,5,39.99
ORD-001048,2026-04-27,North,Beauty,Shampoo,CUST-77,4,14.99
ORD-001124,2026-04-27,West,Electronics,Wireless Earbuds,CUST-163,1,59.99
ORD-000756,2026-04-28,North,Home,Desk Lamp,CUST-180,2,24.99
ORD-000057,2026-04-29,East,Home,Blender,CUST-115,3,34.99
ORD-000252,2026-04-29,West,Home,Desk Lamp,CUST-177,1,24.99
ORD-000588,2026-04-29,West,Sports,Dumbbell Set,CUST-244,1,59.99
ORD-000720,2026-04-29,West,Beauty,Shampoo,CUST-266,5,14.99
ORD-000731,2026-04-29,East,Home,Blender,CUST-249,2,34.99
ORD-000948,2026-04-29,East,Apparel,T-Shirt,CUST-123,5,19.99
ORD-000563,2026-04-30,North,Beauty,Shampoo,CUST-18,4,14.99
ORD-000725,2026-04-30,West,Beauty,Face Cream,CUST-265,1,29.99
ORD-000769,2026-04-30,North,Electronics,Wireless Earbuds,CUST-181,4,59.99
ORD-000780,2026-04-30,South,Sports,Dumbbell Set,CUST-169,4,59.99
ORD-000854,2026-04-30,North,Sports,Yoga Mat,CUST-269,3,24.99
ORD-001199,2026-04-30,East,Apparel,Jacket,CUST-189,5,89.99
ORD-000217,2026-05-01,West,Beauty,Face Cream,CUST-294,5,29.99
ORD-000529,2026-05-01,West,Home,Coffee Maker,CUST-237,1,44.99
ORD-000704,2026-05-01,South,Sports,Running Shoes,CUST-196,2,79.99
ORD-000902,2026-05-01,West,Apparel,Jeans,CUST-180,4,49.99
ORD-000764,2026-05-02,East,Beauty,Face Cream,CUST-175,4,29.99
ORD-000497,2026-05-03,West,Apparel,T-Shirt,CUST-243,4,19.99
ORD-000504,2026-05-03,West,Electronics,Wireless Earbuds,CUST-291,2,59.99
ORD-000560,2026-05-03,South,Electronics,Wireless Earbuds,CUST-209,5,59.99
ORD-000811,2026-05-03,East,Sports,Yoga Mat,CUST-207,1,24.99
ORD-001081,2026-05-03,North,Home,Desk Lamp,CUST-26,3,24.99
ORD-000579,2026-05-04,West,Home,Desk Lamp,CUST-125,4,24.99
ORD-000618,2026-05-04,East,Beauty,Face Cream,CUST-209,4,29.99
ORD-000915,2026-05-04,East,Apparel,Jeans,CUST-67,2,49.99
ORD-001030,2026-05-04,North,Electronics,Wireless Earbuds,CUST-188,2,59.99
ORD-000351,2026-05-05,East,Electronics,Smartwatch,CUST-210,3,129.99
ORD-000442,2026-05-05,South,Electronics,Bluetooth Speaker,CUST-17,2,39.99
ORD-000952,2026-05-05,West,Sports,Yoga Mat,CUST-289,2,24.99
ORD-000005,2026-05-06,North,Beauty,Shampoo,CUST-180,4,14.99
ORD-000284,2026-05-06,West,Home,Blender,CUST-263,4,34.99
ORD-000846,2026-05-06,West,Beauty,Shampoo,CUST-260,4,14.99
ORD-001119,2026-05-06,South,Beauty,Face Cream,CUST-106,5,29.99
ORD-000374,2026-05-07,South,Home,Blender,CUST-164,3,34.99
ORD-000550,2026-05-07,North,Home,Coffee Maker,CUST-112,3,44.99
ORD-000626,2026-05-07,South,Beauty,Shampoo,CUST-60,2,14.99
ORD-000965,2026-05-07,South,Apparel,Jeans,CUST-238,4,49.99
ORD-001154,2026-05-07,East,Sports,Dumbbell Set,CUST-256,1,59.99
ORD-000163,2026-05-08,South,Sports,Dumbbell Set,CUST-217,1,59.99
ORD-000165,2026-05-08,South,Electronics,Bluetooth Speaker,CUST-100,3,39.99
ORD-000244,2026-05-08,East,Sports,Yoga Mat,CUST-138,5,24.99
ORD-000341,2026-05-08,West,Apparel,T-Shirt,CUST-174,1,19.99
ORD-000435,2026-05-08,East,Electronics,Bluetooth Speaker,CUST-251,5,39.99
ORD-000810,2026-05-08,East,Electronics,Wireless Earbuds,CUST-63,1,59.99
ORD-000970,2026-05-08,East,Apparel,Jeans,CUST-153,1,49.99
ORD-000083,2026-05-09,South,Sports,Running Shoes,CUST-214,2,79.99
ORD-000098,2026-05-09,West,Sports,Running Shoes,CUST-197,1,79.99
ORD-000155,2026-05-09,North,Electronics,Smartwatch,CUST-149,2,129.99
ORD-000856,2026-05-09,East,Beauty,Face Cream,CUST-223,5,29.99
ORD-000935,2026-05-09,East,Apparel,Jacket,CUST-1,1,89.99
ORD-001107,2026-05-09,South,Home,Coffee Maker,CUST-106,3,44.99
ORD-000020,2026-05-10,West,Home,Coffee Maker,CUST-31,3,44.99
ORD-000989,2026-05-10,South,Sports,Running Shoes,CUST-237,3,79.99
ORD-000670,2026-05-11,North,Home,Desk Lamp,CUST-192,1,24.99
ORD-000711,2026-05-11,South,Electronics,Bluetooth Speaker,CUST-205,5,39.99
ORD-001001,2026-05-11,South,Apparel,Jacket,CUST-223,4,89.99
ORD-000051,2026-05-12,North,Beauty,Face Cream,CUST-179,4,29.99
ORD-000819,2026-05-12,South,Beauty,Face Cream,CUST-26,2,29.99
ORD-000842,2026-05-12,North,Electronics,Smartwatch,CUST-133,2,129.99
ORD-000896,2026-05-12,West,Sports,Running Shoes,CUST-110,3,79.99
ORD-001010,2026-05-12,East,Electronics,Bluetooth Speaker,CUST-88,3,39.99
ORD-000287,2026-05-13,West,Apparel,Jeans,CUST-256,1,49.99
ORD-000462,2026-05-13,West,Apparel,Jacket,CUST-242,1,89.99
ORD-000507,2026-05-13,South,Sports,Running Shoes,CUST-131,2,79.99
ORD-000901,2026-05-13,North,Electronics,Wireless Earbuds,CUST-52,5,59.99
ORD-000509,2026-05-14,East,Electronics,Wireless Earbuds,CUST-203,3,59.99
ORD-000035,2026-05-15,North,Sports,Dumbbell Set,CUST-230,1,59.99
ORD-000690,2026-05-15,North,Beauty,Shampoo,CUST-55,4,14.99
ORD-000158,2026-05-16,South,Sports,Yoga Mat,CUST-99,4,24.99
ORD-000375,2026-05-16,West,Sports,Dumbbell Set,CUST-152,2,59.99
ORD-000710,2026-05-16,North,Home,Coffee Maker,CUST-285,3,44.99
ORD-000973,2026-05-16,North,Electronics,Bluetooth Speaker,CUST-178,1,39.99
ORD-001013,2026-05-16,North,Sports,Running Shoes,CUST-47,2,79.99
ORD-000342,2026-05-17,West,Sports,Yoga Mat,CUST-44,3,24.99
ORD-000354,2026-05-18,South,Apparel,Jeans,CUST-184,5,49.99
ORD-000367,2026-05-18,West,Electronics,Wireless Earbuds,CUST-262,1,59.99
ORD-000613,2026-05-19,East,Home,Blender,CUST-31,4,34.99
ORD-001120,2026-05-19,East,Sports,Running Shoes,CUST-100,4,79.99
ORD-000229,2026-05-20,West,Beauty,Shampoo,CUST-168,3,14.99
ORD-000839,2026-05-20,South,Beauty,Shampoo,CUST-124,3,14.99
ORD-000298,2026-05-21,East,Home,Blender,CUST-215,3,34.99
ORD-000304,2026-05-21,West,Beauty,Shampoo,CUST-109,2,14.99
ORD-000417,2026-05-21,West,Electronics,Wireless Earbuds,CUST-9,5,59.99
ORD-000603,2026-05-21,South,Home,Desk Lamp,CUST-171,3,24.99
ORD-000813,2026-05-21,East,Apparel,T-Shirt,CUST-158,1,19.99
ORD-000877,2026-05-21,North,Home,Desk Lamp,CUST-256,2,24.99
ORD-000926,2026-05-21,West,Apparel,Jeans,CUST-279,2,49.99
ORD-000216,2026-05-22,East,Beauty,Shampoo,CUST-97,4,14.99
ORD-000488,2026-05-22,North,Sports,Dumbbell Set,CUST-213,3,59.99
ORD-000492,2026-05-22,South,Electronics,Smartwatch,CUST-54,4,129.99
ORD-000775,2026-05-22,West,Beauty,Face Cream,CUST-132,1,29.99
ORD-000890,2026-05-22,North,Sports,Running Shoes,CUST-93,2,79.99
ORD-000912,2026-05-22,North,Home,Blender,CUST-127,2,34.99
ORD-001057,2026-05-22,South,Home,Coffee Maker,CUST-152,5,44.99
ORD-000047,2026-05-23,West,Home,Desk Lamp,CUST-197,3,24.99
ORD-000113,2026-05-23,East,Beauty,Face Cream,CUST-237,4,29.99
ORD-000371,2026-05-23,East,Apparel,T-Shirt,CUST-67,5,19.99
ORD-000628,2026-05-23,South,Home,Desk Lamp,CUST-180,4,24.99
ORD-000794,2026-05-23,South,Electronics,Wireless Earbuds,CUST-82,5,59.99
ORD-000175,2026-05-24,North,Electronics,Wireless Earbuds,CUST-291,2,59.99
ORD-000292,2026-05-24,North,Beauty,Face Cream,CUST-231,4,29.99
ORD-000714,2026-05-24,West,Electronics,Wireless Earbuds,CUST-120,2,59.99
ORD-000876,2026-05-24,East,Beauty,Shampoo,CUST-170,5,14.99
ORD-000103,2026-05-25,West,Electronics,Smartwatch,CUST-14,4,129.99
ORD-001072,2026-05-26,South,Beauty,Face Cream,CUST-279,2,29.99
ORD-000665,2026-05-27,North,Apparel,Jeans,CUST-133,4,49.99
ORD-000871,2026-05-27,West,Apparel,Jacket,CUST-265,5,89.99
ORD-000960,2026-05-27,North,Sports,Dumbbell Set,CUST-10,3,59.99
ORD-000972,2026-05-27,West,Sports,Dumbbell Set,CUST-56,3,59.99
ORD-000486,2026-05-28,North,Electronics,Smartwatch,CUST-90,4,129.99
ORD-000514,2026-05-28,East,Sports,Dumbbell Set,CUST-225,5,59.99
ORD-000638,2026-05-28,West,Sports,Running Shoes,CUST-163,5,79.99
ORD-000909,2026-05-28,North,Electronics,Wireless Earbuds,CUST-264,3,59.99
ORD-001033,2026-05-28,South,Home,Coffee Maker,CUST-168,2,44.99
ORD-001138,2026-05-28,West,Apparel,T-Shirt,CUST-120,1,19.99
ORD-001198,2026-05-28,West,Apparel,T-Shirt,CUST-172,3,19.99
ORD-000611,2026-05-29,West,Apparel,T-Shirt,CUST-142,2,19.99
ORD-000661,2026-05-29,South,Home,Blender,CUST-15,4,34.99
ORD-000971,2026-05-29,South,Electronics,Wireless Earbuds,CUST-124,4,59.99
ORD-001133,2026-05-29,East,Beauty,Face Cream,CUST-244,4,29.99
ORD-001016,2026-05-30,East,Sports,Running Shoes,CUST-235,2,79.99
ORD-000277,2026-05-31,West,Electronics,Smartwatch,CUST-22,1,129.99
ORD-000500,2026-05-31,South,Electronics,Smartwatch,CUST-262,4,129.99
ORD-000525,2026-05-31,East,Beauty,Face Cream,CUST-245,2,29.99
ORD-000586,2026-05-31,West,Electronics,Wireless Earbuds,CUST-169,5,59.99
ORD-000667,2026-05-31,West,Sports,Dumbbell Set,CUST-139,1,59.99
ORD-000975,2026-05-31,West,Home,Coffee Maker,CUST-298,5,44.99
ORD-000987,2026-05-31,North,Apparel,Jacket,CUST-194,2,89.99
ORD-000089,2026-06-01,North,Apparel,Jeans,CUST-68,5,49.99
ORD-000305,2026-06-01,North,Sports,Running Shoes,CUST-152,1,79.99
ORD-000468,2026-06-01,South,Beauty,Face Cream,CUST-110,5,29.99
ORD-000879,2026-06-01,West,Home,Desk Lamp,CUST-197,5,24.99
ORD-000882,2026-06-01,East,Sports,Running Shoes,CUST-108,4,79.99
ORD-001130,2026-06-01,North,Beauty,Face Cream,CUST-145,4,29.99
ORD-000024,2026-06-02,East,Home,Coffee Maker,CUST-232,1,44.99
ORD-000904,2026-06-02,West,Apparel,Jeans,CUST-195,1,49.99
ORD-000979,2026-06-02,West,Sports,Yoga Mat,CUST-67,2,24.99
ORD-000310,2026-06-03,South,Beauty,Face Cream,CUST-15,4,29.99
ORD-000809,2026-06-03,West,Apparel,Jeans,CUST-254,2,49.99
ORD-000963,2026-06-03,West,Electronics,Bluetooth Speaker,CUST-279,1,39.99
ORD-001051,2026-06-03,North,Electronics,Smartwatch,CUST-131,4,129.99
ORD-001061,2026-06-03,West,Apparel,Jacket,CUST-127,3,89.99
ORD-000757,2026-06-04,East,Electronics,Smartwatch,CUST-90,5,129.99
ORD-000981,2026-06-04,East,Sports,Running Shoes,CUST-237,1,79.99
ORD-000518,2026-06-05,North,Beauty,Shampoo,CUST-18,2,14.99
ORD-000604,2026-06-05,East,Home,Blender,CUST-124,3,34.99
ORD-001129,2026-06-05,West,Apparel,Jeans,CUST-69,1,49.99
ORD-000072,2026-06-06,East,Apparel,Jacket,CUST-127,4,89.99
ORD-001149,2026-06-06,East,Electronics,Bluetooth Speaker,CUST-92,1,39.99
ORD-000582,2026-06-07,North,Apparel,T-Shirt,CUST-90,1,19.99
ORD-000683,2026-06-07,North,Beauty,Face Cream,CUST-207,2,29.99
ORD-000969,2026-06-07,North,Electronics,Smartwatch,CUST-26,5,129.99
ORD-000978,2026-06-07,North,Home,Desk Lamp,CUST-212,2,24.99
ORD-001181,2026-06-07,West,Electronics,Bluetooth Speaker,CUST-220,3,39.99
ORD-000078,2026-06-08,South,Home,Coffee Maker,CUST-134,1,44.99
ORD-000771,2026-06-08,North,Home,Blender,CUST-179,1,34.99
ORD-001143,2026-06-08,North,Apparel,T-Shirt,CUST-92,5,19.99
ORD-000758,2026-06-09,North,Electronics,Bluetooth Speaker,CUST-262,1,39.99
ORD-001115,2026-06-09,West,Beauty,Shampoo,CUST-152,1,14.99
ORD-000315,2026-06-10,East,Sports,Running Shoes,CUST-116,2,79.99
ORD-000738,2026-06-10,South,Beauty,Shampoo,CUST-187,1,14.99
ORD-000239,2026-06-11,East,Apparel,Jacket,CUST-295,5,89.99
ORD-000606,2026-06-11,West,Home,Coffee Maker,CUST-70,1,44.99
ORD-000040,2026-06-12,East,Beauty,Face Cream,CUST-143,1,29.99
ORD-000344,2026-06-12,North,Electronics,Wireless Earbuds,CUST-56,2,59.99
ORD-000421,2026-06-12,East,Home,Desk Lamp,CUST-274,2,24.99
ORD-000397,2026-06-13,West,Sports,Dumbbell Set,CUST-149,1,59.99
ORD-000400,2026-06-14,North,Sports,Dumbbell Set,CUST-16,5,59.99
ORD-000415,2026-06-14,North,Electronics,Smartwatch,CUST-40,1,129.99
ORD-001093,2026-06-14,West,Sports,Running Shoes,CUST-96,3,79.99
ORD-001175,2026-06-14,South,Apparel,Jacket,CUST-92,3,89.99
ORD-001179,2026-06-14,South,Beauty,Face Cream,CUST-245,3,29.99
ORD-000193,2026-06-15,South,Apparel,T-Shirt,CUST-204,1,19.99
ORD-000312,2026-06-15,South,Electronics,Wireless Earbuds,CUST-188,5,59.99
ORD-000485,2026-06-15,North,Beauty,Face Cream,CUST-264,3,29.99
ORD-000520,2026-06-15,South,Beauty,Shampoo,CUST-238,4,14.99
ORD-000533,2026-06-15,South,Electronics,Smartwatch,CUST-55,5,129.99
ORD-000649,2026-06-15,East,Apparel,Jacket,CUST-126,4,89.99
ORD-000663,2026-06-15,East,Sports,Yoga Mat,CUST-244,1,24.99
ORD-000161,2026-06-16,East,Beauty,Shampoo,CUST-228,4,14.99
ORD-000278,2026-06-16,South,Apparel,Jacket,CUST-186,2,89.99
ORD-000295,2026-06-16,South,Electronics,Smartwatch,CUST-236,2,129.99
ORD-000273,2026-06-17,North,Beauty,Shampoo,CUST-9,4,14.99
ORD-000276,2026-06-17,East,Sports,Running Shoes,CUST-228,3,79.99
ORD-000373,2026-06-17,North,Sports,Dumbbell Set,CUST-153,1,59.99
ORD-001097,2026-06-17,East,Apparel,Jacket,CUST-33,1,89.99
ORD-000060,2026-06-18,South,Apparel,Jacket,CUST-222,4,89.99
ORD-000186,2026-06-18,East,Beauty,Shampoo,CUST-267,3,14.99
ORD-000243,2026-06-18,East,Sports,Yoga Mat,CUST-86,1,24.99
ORD-000643,2026-06-18,South,Beauty,Face Cream,CUST-234,2,29.99
ORD-000766,2026-06-18,East,Sports,Running Shoes,CUST-185,3,79.99
ORD-000859,2026-06-18,West,Home,Blender,CUST-97,1,34.99
ORD-001011,2026-06-18,North,Beauty,Face Cream,CUST-19,1,29.99
ORD-001042,2026-06-18,East,Beauty,Shampoo,CUST-217,1,14.99
ORD-000245,2026-06-19,East,Sports,Yoga Mat,CUST-34,5,24.99
ORD-000307,2026-06-19,East,Electronics,Bluetooth Speaker,CUST-12,3,39.99
ORD-000724,2026-06-19,South,Electronics,Bluetooth Speaker,CUST-46,5,39.99
ORD-001058,2026-06-19,East,Electronics,Wireless Earbuds,CUST-213,1,59.99
ORD-000569,2026-06-20,South,Home,Blender,CUST-88,5,34.99
ORD-000651,2026-06-20,South,Apparel,T-Shirt,CUST-291,4,19.99
ORD-001111,2026-06-20,South,Beauty,Shampoo,CUST-149,2,14.99
ORD-001164,2026-06-20,West,Beauty,Face Cream,CUST-293,2,29.99
ORD-000105,2026-06-21,North,Sports,Yoga Mat,CUST-1,2,24.99
ORD-000546,2026-06-21,North,Apparel,Jacket,CUST-187,5,89.99
ORD-000159,2026-06-22,North,Electronics,Smartwatch,CUST-273,1,129.99
ORD-000403,2026-06-22,South,Electronics,Wireless Earbuds,CUST-180,4,59.99
ORD-000455,2026-06-22,North,Electronics,Wireless Earbuds,CUST-195,1,59.99
ORD-000627,2026-06-22,West,Sports,Yoga Mat,CUST-84,2,24.99
ORD-000900,2026-06-22,East,Home,Desk Lamp,CUST-143,2,24.99
ORD-000066,2026-06-23,East,Home,Desk Lamp,CUST-208,4,24.99
ORD-000211,2026-06-23,South,Apparel,T-Shirt,CUST-220,2,19.99
ORD-000258,2026-06-23,East,Home,Desk Lamp,CUST-214,4,24.99
ORD-000441,2026-06-23,North,Electronics,Smartwatch,CUST-207,2,129.99
ORD-000527,2026-06-23,East,Electronics,Smartwatch,CUST-149,3,129.99
ORD-000703,2026-06-23,South,Electronics,Bluetooth Speaker,CUST-231,3,39.99
ORD-000867,2026-06-23,North,Electronics,Wireless Earbuds,CUST-15,4,59.99
ORD-001075,2026-06-23,East,Sports,Yoga Mat,CUST-270,5,24.99
ORD-001189,2026-06-23,West,Home,Blender,CUST-115,4,34.99
ORD-000316,2026-06-24,North,Apparel,T-Shirt,CUST-108,1,19.99
ORD-000431,2026-06-24,East,Sports,Yoga Mat,CUST-15,2,24.99
ORD-000830,2026-06-24,West,Beauty,Shampoo,CUST-263,2,14.99
ORD-001104,2026-06-24,South,Beauty,Shampoo,CUST-293,3,14.99
ORD-000153,2026-06-25,North,Apparel,Jacket,CUST-230,4,89.99
ORD-000460,2026-06-25,North,Electronics,Wireless Earbuds,CUST-294,5,59.99
ORD-000036,2026-06-26,North,Sports,Running Shoes,CUST-158,3,79.99
ORD-000378,2026-06-26,East,Home,Desk Lamp,CUST-136,2,24.99
ORD-000664,2026-06-26,South,Home,Desk Lamp,CUST-235,5,24.99
ORD-000874,2026-06-26,South,Apparel,Jacket,CUST-17,1,89.99
ORD-000881,2026-06-26,South,Home,Desk Lamp,CUST-27,4,24.99
ORD-000927,2026-06-26,North,Apparel,T-Shirt,CUST-144,3,19.99
ORD-001152,2026-06-26,East,Beauty,Face Cream,CUST-245,5,29.99
ORD-000166,2026-06-27,East,Home,Desk Lamp,CUST-291,3,24.99
ORD-000180,2026-06-27,North,Electronics,Wireless Earbuds,CUST-71,3,59.99
ORD-000233,2026-06-27,West,Sports,Yoga Mat,CUST-249,4,24.99
ORD-000402,2026-06-27,East,Sports,Yoga Mat,CUST-260,2,24.99
ORD-000875,2026-06-27,West,Home,Coffee Maker,CUST-171,5,44.99
ORD-000300,2026-06-28,North,Home,Blender,CUST-285,1,34.99
ORD-001084,2026-06-28,East,Electronics,Wireless Earbuds,CUST-6,5,59.99
ORD-000261,2026-06-29,North,Electronics,Smartwatch,CUST-118,4,129.99
ORD-000279,2026-06-29,West,Home,Coffee Maker,CUST-126,3,44.99
ORD-000892,2026-06-30,North,Apparel,T-Shirt,CUST-223,2,19.99
ORD-000542,2026-07-01,West,Sports,Dumbbell Set,CUST-187,1,59.99
